[{"model": "contenttypes.contenttype", "pk": 1, "fields": {"app_label": "admin", "model": "logentry"}}, {"model": "contenttypes.contenttype", "pk": 2, "fields": {"app_label": "auth", "model": "permission"}}, {"model": "contenttypes.contenttype", "pk": 3, "fields": {"app_label": "auth", "model": "group"}}, {"model": "contenttypes.contenttype", "pk": 4, "fields": {"app_label": "auth", "model": "user"}}, {"model": "contenttypes.contenttype", "pk": 5, "fields": {"app_label": "contenttypes", "model": "contenttype"}}, {"model": "contenttypes.contenttype", "pk": 6, "fields": {"app_label": "sessions", "model": "session"}}, {"model": "contenttypes.contenttype", "pk": 7, "fields": {"app_label": "blog", "model": "blog"}}, {"model": "contenttypes.contenttype", "pk": 8, "fields": {"app_label": "blog", "model": "blogtype"}}, {"model": "contenttypes.contenttype", "pk": 9, "fields": {"app_label": "blog", "model": "readnum"}}, {"model": "contenttypes.contenttype", "pk": 10, "fields": {"app_label": "read_statistics", "model": "readnum"}}, {"model": "contenttypes.contenttype", "pk": 11, "fields": {"app_label": "read_statistics", "model": "readdetail"}}, {"model": "contenttypes.contenttype", "pk": 12, "fields": {"app_label": "comment", "model": "comment"}}, {"model": "contenttypes.contenttype", "pk": 13, "fields": {"app_label": "likes", "model": "likecount"}}, {"model": "contenttypes.contenttype", "pk": 14, "fields": {"app_label": "likes", "model": "likerecord"}}, {"model": "contenttypes.contenttype", "pk": 15, "fields": {"app_label": "user", "model": "profile"}}, {"model": "sessions.session", "pk": "3mxjj3logknhhez7i9ggqnf4xeaybr3v", "fields": {"session_data": "NmY3ZGEyZTgxNjU0N2E1YmMyOTllMjEzZmM3NDkwZDM3ODVjMDhhMTp7InNlbmRfY29kZV90aW1lIjoxNTU4MzYwOTA4LCJfYXV0aF91c2VyX2lkIjoiNyIsIl9hdXRoX3VzZXJfYmFja2VuZCI6ImRqYW5nby5jb250cmliLmF1dGguYmFja2VuZHMuTW9kZWxCYWNrZW5kIiwiX2F1dGhfdXNlcl9oYXNoIjoiNzQxMjBlN2UwZDg1Y2I2MWEzMjNmYTRkYjhkMTAxYTg0OTI0MWVmMyJ9", "expire_date": "2019-06-03T22:02:29.808"}}, {"model": "sessions.session", "pk": "erik3lpxxufgatnvlaxw80prcsbsajbq", "fields": {"session_data": "NzcyMzk1NzYzZGIwMmM0Yjc2MDFhYzdmOTUyNzkxZWE5NmM4MWJhMTp7Il9hdXRoX3VzZXJfaWQiOiIxIiwiX2F1dGhfdXNlcl9iYWNrZW5kIjoiZGphbmdvLmNvbnRyaWIuYXV0aC5iYWNrZW5kcy5Nb2RlbEJhY2tlbmQiLCJfYXV0aF91c2VyX2hhc2giOiJjYmRmZWNlNmU3MzQ5MzFmNmVkYjU4NjNiOWQwYzdmZjhlMzZlZWZmIn0=", "expire_date": "2018-12-01T23:11:04.254"}}, {"model": "sessions.session", "pk": "ev5y5ej6otc15k7d36nbrpzk2omd8hc6", "fields": {"session_data": "MjQ0ZjVmOTU5NWU0Nzg0NjI1YTQ2NGI1YjI2NzE2OWYxY2FjYzJmYjp7Il9hdXRoX3VzZXJfaWQiOiI0IiwiX2F1dGhfdXNlcl9iYWNrZW5kIjoiZGphbmdvLmNvbnRyaWIuYXV0aC5iYWNrZW5kcy5Nb2RlbEJhY2tlbmQiLCJfYXV0aF91c2VyX2hhc2giOiIzNzRkZDhmNTVmODIyY2I1ZjJiNzA4Y2ZmOWM5ZDM1MjgwN2ViNTM1In0=", "expire_date": "2019-06-03T22:23:00.785"}}, {"model": "sessions.session", "pk": "ndqfkg2j9omm37c8r9einek895xif59t", "fields": {"session_data": "NzcyMzk1NzYzZGIwMmM0Yjc2MDFhYzdmOTUyNzkxZWE5NmM4MWJhMTp7Il9hdXRoX3VzZXJfaWQiOiIxIiwiX2F1dGhfdXNlcl9iYWNrZW5kIjoiZGphbmdvLmNvbnRyaWIuYXV0aC5iYWNrZW5kcy5Nb2RlbEJhY2tlbmQiLCJfYXV0aF91c2VyX2hhc2giOiJjYmRmZWNlNmU3MzQ5MzFmNmVkYjU4NjNiOWQwYzdmZjhlMzZlZWZmIn0=", "expire_date": "2018-12-07T14:29:44.940"}}, {"model": "sessions.session", "pk": "ofn53o9o8lygcn3nbpqakv5f3oll1b9d", "fields": {"session_data": "YWI5ZTBjNmQyNGY4Y2M5N2QyNWMwYjFjMWU4N2M3MTRkODY0NzVkNjp7Il9hdXRoX3VzZXJfaWQiOiIyIiwiX2F1dGhfdXNlcl9iYWNrZW5kIjoiZGphbmdvLmNvbnRyaWIuYXV0aC5iYWNrZW5kcy5Nb2RlbEJhY2tlbmQiLCJfYXV0aF91c2VyX2hhc2giOiI3ZGJkMDNkODkyYjQyZTMzMjBhYjk2OGYwMTJkZjI1ZWE2YjNhODY2In0=", "expire_date": "2018-12-24T18:21:26.566"}}, {"model": "sessions.session", "pk": "tnyhug74q1t8gzzcx56yfs4czi7q0uvn", "fields": {"session_data": "NzcyMzk1NzYzZGIwMmM0Yjc2MDFhYzdmOTUyNzkxZWE5NmM4MWJhMTp7Il9hdXRoX3VzZXJfaWQiOiIxIiwiX2F1dGhfdXNlcl9iYWNrZW5kIjoiZGphbmdvLmNvbnRyaWIuYXV0aC5iYWNrZW5kcy5Nb2RlbEJhY2tlbmQiLCJfYXV0aF91c2VyX2hhc2giOiJjYmRmZWNlNmU3MzQ5MzFmNmVkYjU4NjNiOWQwYzdmZjhlMzZlZWZmIn0=", "expire_date": "2018-12-01T20:32:36.779"}}, {"model": "sessions.session", "pk": "xopx0ejpzcsponfet8394p6ymz7x74nf", "fields": {"session_data": "YWI5ZTBjNmQyNGY4Y2M5N2QyNWMwYjFjMWU4N2M3MTRkODY0NzVkNjp7Il9hdXRoX3VzZXJfaWQiOiIyIiwiX2F1dGhfdXNlcl9iYWNrZW5kIjoiZGphbmdvLmNvbnRyaWIuYXV0aC5iYWNrZW5kcy5Nb2RlbEJhY2tlbmQiLCJfYXV0aF91c2VyX2hhc2giOiI3ZGJkMDNkODkyYjQyZTMzMjBhYjk2OGYwMTJkZjI1ZWE2YjNhODY2In0=", "expire_date": "2018-12-25T13:45:19.698"}}, {"model": "blog.blogtype", "pk": 1, "fields": {"type_name": "Django"}}, {"model": "blog.blogtype", "pk": 2, "fields": {"type_name": "\u968f\u7b14"}}, {"model": "blog.blogtype", "pk": 3, "fields": {"type_name": "\u611f\u609f"}}, {"model": "read_statistics.readnum", "pk": 1, "fields": {"read_num": 48, "content_type": 7, "object_id": 36}}, {"model": "read_statistics.readnum", "pk": 2, "fields": {"read_num": 20, "content_type": 7, "object_id": 35}}, {"model": "read_statistics.readnum", "pk": 3, "fields": {"read_num": 6, "content_type": 7, "object_id": 34}}, {"model": "read_statistics.readnum", "pk": 4, "fields": {"read_num": 6, "content_type": 7, "object_id": 33}}, {"model": "read_statistics.readnum", "pk": 5, "fields": {"read_num": 3, "content_type": 7, "object_id": 32}}, {"model": "read_statistics.readnum", "pk": 6, "fields": {"read_num": 2, "content_type": 7, "object_id": 26}}, {"model": "read_statistics.readnum", "pk": 7, "fields": {"read_num": 1, "content_type": 7, "object_id": 17}}, {"model": "read_statistics.readnum", "pk": 8, "fields": {"read_num": 3, "content_type": 7, "object_id": 31}}, {"model": "read_statistics.readnum", "pk": 9, "fields": {"read_num": 1, "content_type": 7, "object_id": 6}}, {"model": "read_statistics.readnum", "pk": 10, "fields": {"read_num": 1, "content_type": 7, "object_id": 5}}, {"model": "read_statistics.readnum", "pk": 11, "fields": {"read_num": 3, "content_type": 7, "object_id": 4}}, {"model": "read_statistics.readnum", "pk": 12, "fields": {"read_num": 1, "content_type": 7, "object_id": 3}}, {"model": "read_statistics.readnum", "pk": 13, "fields": {"read_num": 1, "content_type": 7, "object_id": 30}}, {"model": "read_statistics.readnum", "pk": 14, "fields": {"read_num": 1, "content_type": 7, "object_id": 18}}, {"model": "read_statistics.readnum", "pk": 15, "fields": {"read_num": 3, "content_type": 7, "object_id": 29}}, {"model": "read_statistics.readnum", "pk": 16, "fields": {"read_num": 1, "content_type": 7, "object_id": 28}}, {"model": "read_statistics.readdetail", "pk": 1, "fields": {"date": "2018-11-20", "read_num": 10, "content_type": 7, "object_id": 36}}, {"model": "read_statistics.readdetail", "pk": 2, "fields": {"date": "2018-11-20", "read_num": 1, "content_type": 7, "object_id": 35}}, {"model": "read_statistics.readdetail", "pk": 3, "fields": {"date": "2018-11-20", "read_num": 1, "content_type": 7, "object_id": 33}}, {"model": "read_statistics.readdetail", "pk": 4, "fields": {"date": "2018-11-20", "read_num": 1, "content_type": 7, "object_id": 26}}, {"model": "read_statistics.readdetail", "pk": 5, "fields": {"date": "2018-11-21", "read_num": 2, "content_type": 7, "object_id": 36}}, {"model": "read_statistics.readdetail", "pk": 6, "fields": {"date": "2018-11-21", "read_num": 1, "content_type": 7, "object_id": 33}}, {"model": "read_statistics.readdetail", "pk": 7, "fields": {"date": "2018-11-21", "read_num": 1, "content_type": 7, "object_id": 34}}, {"model": "read_statistics.readdetail", "pk": 8, "fields": {"date": "2018-11-21", "read_num": 1, "content_type": 7, "object_id": 32}}, {"model": "read_statistics.readdetail", "pk": 9, "fields": {"date": "2018-11-22", "read_num": 2, "content_type": 7, "object_id": 36}}, {"model": "read_statistics.readdetail", "pk": 10, "fields": {"date": "2018-11-22", "read_num": 2, "content_type": 7, "object_id": 35}}, {"model": "read_statistics.readdetail", "pk": 11, "fields": {"date": "2018-11-22", "read_num": 1, "content_type": 7, "object_id": 33}}, {"model": "read_statistics.readdetail", "pk": 12, "fields": {"date": "2018-11-22", "read_num": 1, "content_type": 7, "object_id": 34}}, {"model": "read_statistics.readdetail", "pk": 13, "fields": {"date": "2018-11-23", "read_num": 7, "content_type": 7, "object_id": 36}}, {"model": "read_statistics.readdetail", "pk": 14, "fields": {"date": "2018-11-23", "read_num": 2, "content_type": 7, "object_id": 35}}, {"model": "read_statistics.readdetail", "pk": 15, "fields": {"date": "2018-11-24", "read_num": 4, "content_type": 7, "object_id": 36}}, {"model": "read_statistics.readdetail", "pk": 16, "fields": {"date": "2018-11-25", "read_num": 2, "content_type": 7, "object_id": 36}}, {"model": "read_statistics.readdetail", "pk": 17, "fields": {"date": "2018-11-27", "read_num": 2, "content_type": 7, "object_id": 36}}, {"model": "read_statistics.readdetail", "pk": 18, "fields": {"date": "2018-11-27", "read_num": 1, "content_type": 7, "object_id": 35}}, {"model": "read_statistics.readdetail", "pk": 19, "fields": {"date": "2018-11-27", "read_num": 1, "content_type": 7, "object_id": 34}}, {"model": "read_statistics.readdetail", "pk": 20, "fields": {"date": "2018-11-27", "read_num": 1, "content_type": 7, "object_id": 33}}, {"model": "read_statistics.readdetail", "pk": 21, "fields": {"date": "2018-11-30", "read_num": 1, "content_type": 7, "object_id": 34}}, {"model": "read_statistics.readdetail", "pk": 22, "fields": {"date": "2018-11-30", "read_num": 2, "content_type": 7, "object_id": 36}}, {"model": "read_statistics.readdetail", "pk": 23, "fields": {"date": "2018-11-30", "read_num": 1, "content_type": 7, "object_id": 17}}, {"model": "read_statistics.readdetail", "pk": 24, "fields": {"date": "2018-12-01", "read_num": 1, "content_type": 7, "object_id": 36}}, {"model": "read_statistics.readdetail", "pk": 25, "fields": {"date": "2018-12-01", "read_num": 1, "content_type": 7, "object_id": 35}}, {"model": "read_statistics.readdetail", "pk": 26, "fields": {"date": "2018-12-01", "read_num": 1, "content_type": 7, "object_id": 32}}, {"model": "read_statistics.readdetail", "pk": 27, "fields": {"date": "2018-12-01", "read_num": 1, "content_type": 7, "object_id": 31}}, {"model": "read_statistics.readdetail", "pk": 28, "fields": {"date": "2018-12-01", "read_num": 1, "content_type": 7, "object_id": 26}}, {"model": "read_statistics.readdetail", "pk": 29, "fields": {"date": "2018-12-01", "read_num": 1, "content_type": 7, "object_id": 34}}, {"model": "read_statistics.readdetail", "pk": 30, "fields": {"date": "2018-12-02", "read_num": 1, "content_type": 7, "object_id": 6}}, {"model": "read_statistics.readdetail", "pk": 31, "fields": {"date": "2018-12-02", "read_num": 1, "content_type": 7, "object_id": 5}}, {"model": "read_statistics.readdetail", "pk": 32, "fields": {"date": "2018-12-02", "read_num": 1, "content_type": 7, "object_id": 4}}, {"model": "read_statistics.readdetail", "pk": 33, "fields": {"date": "2018-12-02", "read_num": 1, "content_type": 7, "object_id": 3}}, {"model": "read_statistics.readdetail", "pk": 34, "fields": {"date": "2018-12-03", "read_num": 2, "content_type": 7, "object_id": 36}}, {"model": "read_statistics.readdetail", "pk": 35, "fields": {"date": "2018-12-03", "read_num": 8, "content_type": 7, "object_id": 35}}, {"model": "read_statistics.readdetail", "pk": 36, "fields": {"date": "2018-12-03", "read_num": 1, "content_type": 7, "object_id": 31}}, {"model": "read_statistics.readdetail", "pk": 37, "fields": {"date": "2018-12-04", "read_num": 1, "content_type": 7, "object_id": 36}}, {"model": "read_statistics.readdetail", "pk": 38, "fields": {"date": "2018-12-04", "read_num": 1, "content_type": 7, "object_id": 4}}, {"model": "read_statistics.readdetail", "pk": 39, "fields": {"date": "2018-12-04", "read_num": 1, "content_type": 7, "object_id": 31}}, {"model": "read_statistics.readdetail", "pk": 40, "fields": {"date": "2018-12-05", "read_num": 1, "content_type": 7, "object_id": 30}}, {"model": "read_statistics.readdetail", "pk": 41, "fields": {"date": "2018-12-05", "read_num": 1, "content_type": 7, "object_id": 36}}, {"model": "read_statistics.readdetail", "pk": 42, "fields": {"date": "2018-12-06", "read_num": 1, "content_type": 7, "object_id": 36}}, {"model": "read_statistics.readdetail", "pk": 43, "fields": {"date": "2018-12-07", "read_num": 1, "content_type": 7, "object_id": 35}}, {"model": "read_statistics.readdetail", "pk": 44, "fields": {"date": "2018-12-08", "read_num": 1, "content_type": 7, "object_id": 36}}, {"model": "read_statistics.readdetail", "pk": 45, "fields": {"date": "2018-12-08", "read_num": 1, "content_type": 7, "object_id": 18}}, {"model": "read_statistics.readdetail", "pk": 46, "fields": {"date": "2018-12-08", "read_num": 1, "content_type": 7, "object_id": 29}}, {"model": "read_statistics.readdetail", "pk": 47, "fields": {"date": "2018-12-08", "read_num": 1, "content_type": 7, "object_id": 28}}, {"model": "read_statistics.readdetail", "pk": 48, "fields": {"date": "2018-12-09", "read_num": 1, "content_type": 7, "object_id": 36}}, {"model": "read_statistics.readdetail", "pk": 49, "fields": {"date": "2018-12-10", "read_num": 2, "content_type": 7, "object_id": 36}}, {"model": "read_statistics.readdetail", "pk": 50, "fields": {"date": "2018-12-10", "read_num": 2, "content_type": 7, "object_id": 29}}, {"model": "read_statistics.readdetail", "pk": 51, "fields": {"date": "2019-05-20", "read_num": 4, "content_type": 7, "object_id": 36}}, {"model": "read_statistics.readdetail", "pk": 52, "fields": {"date": "2019-05-20", "read_num": 3, "content_type": 7, "object_id": 35}}, {"model": "read_statistics.readdetail", "pk": 53, "fields": {"date": "2019-05-20", "read_num": 1, "content_type": 7, "object_id": 33}}, {"model": "read_statistics.readdetail", "pk": 54, "fields": {"date": "2019-05-20", "read_num": 1, "content_type": 7, "object_id": 4}}, {"model": "likes.likecount", "pk": 1, "fields": {"content_type": 7, "object_id": 35, "liked_num": 2}}, {"model": "likes.likecount", "pk": 2, "fields": {"content_type": 7, "object_id": 36, "liked_num": 1}}, {"model": "likes.likecount", "pk": 3, "fields": {"content_type": 7, "object_id": 31, "liked_num": 0}}, {"model": "likes.likecount", "pk": 4, "fields": {"content_type": 7, "object_id": 34, "liked_num": 0}}, {"model": "likes.likecount", "pk": 5, "fields": {"content_type": 7, "object_id": 33, "liked_num": 0}}, {"model": "likes.likecount", "pk": 6, "fields": {"content_type": 7, "object_id": 32, "liked_num": 0}}, {"model": "likes.likecount", "pk": 7, "fields": {"content_type": 7, "object_id": 30, "liked_num": 0}}, {"model": "likes.likecount", "pk": 8, "fields": {"content_type": 7, "object_id": 29, "liked_num": 0}}, {"model": "likes.likecount", "pk": 9, "fields": {"content_type": 12, "object_id": 126, "liked_num": 0}}, {"model": "likes.likecount", "pk": 10, "fields": {"content_type": 12, "object_id": 127, "liked_num": 0}}, {"model": "likes.likecount", "pk": 11, "fields": {"content_type": 12, "object_id": 128, "liked_num": 0}}, {"model": "likes.likecount", "pk": 12, "fields": {"content_type": 12, "object_id": 120, "liked_num": 0}}, {"model": "likes.likecount", "pk": 13, "fields": {"content_type": 12, "object_id": 121, "liked_num": 0}}, {"model": "likes.likecount", "pk": 14, "fields": {"content_type": 12, "object_id": 119, "liked_num": 0}}, {"model": "likes.likecount", "pk": 15, "fields": {"content_type": 12, "object_id": 118, "liked_num": 0}}, {"model": "likes.likecount", "pk": 16, "fields": {"content_type": 12, "object_id": 113, "liked_num": 0}}, {"model": "likes.likecount", "pk": 17, "fields": {"content_type": 12, "object_id": 114, "liked_num": 0}}, {"model": "likes.likecount", "pk": 18, "fields": {"content_type": 12, "object_id": 115, "liked_num": 0}}, {"model": "likes.likecount", "pk": 19, "fields": {"content_type": 12, "object_id": 116, "liked_num": 0}}, {"model": "likes.likecount", "pk": 20, "fields": {"content_type": 12, "object_id": 117, "liked_num": 0}}, {"model": "likes.likecount", "pk": 21, "fields": {"content_type": 12, "object_id": 112, "liked_num": 0}}, {"model": "likes.likecount", "pk": 22, "fields": {"content_type": 12, "object_id": 101, "liked_num": 0}}, {"model": "likes.likecount", "pk": 23, "fields": {"content_type": 12, "object_id": 102, "liked_num": 0}}, {"model": "likes.likecount", "pk": 24, "fields": {"content_type": 12, "object_id": 103, "liked_num": 1}}, {"model": "likes.likecount", "pk": 25, "fields": {"content_type": 12, "object_id": 104, "liked_num": 0}}, {"model": "likes.likecount", "pk": 26, "fields": {"content_type": 12, "object_id": 105, "liked_num": 0}}, {"model": "likes.likecount", "pk": 27, "fields": {"content_type": 12, "object_id": 100, "liked_num": 0}}, {"model": "likes.likecount", "pk": 28, "fields": {"content_type": 12, "object_id": 99, "liked_num": 0}}, {"model": "likes.likecount", "pk": 29, "fields": {"content_type": 12, "object_id": 96, "liked_num": 0}}, {"model": "likes.likecount", "pk": 30, "fields": {"content_type": 12, "object_id": 97, "liked_num": 0}}, {"model": "likes.likecount", "pk": 31, "fields": {"content_type": 12, "object_id": 98, "liked_num": 0}}, {"model": "likes.likecount", "pk": 32, "fields": {"content_type": 12, "object_id": 92, "liked_num": 0}}, {"model": "likes.likecount", "pk": 33, "fields": {"content_type": 12, "object_id": 93, "liked_num": 0}}, {"model": "likes.likecount", "pk": 34, "fields": {"content_type": 12, "object_id": 94, "liked_num": 0}}, {"model": "likes.likecount", "pk": 35, "fields": {"content_type": 12, "object_id": 95, "liked_num": 0}}, {"model": "likes.likecount", "pk": 36, "fields": {"content_type": 12, "object_id": 85, "liked_num": 0}}, {"model": "likes.likecount", "pk": 37, "fields": {"content_type": 12, "object_id": 84, "liked_num": 0}}, {"model": "likes.likecount", "pk": 38, "fields": {"content_type": 12, "object_id": 83, "liked_num": 0}}, {"model": "likes.likecount", "pk": 39, "fields": {"content_type": 12, "object_id": 82, "liked_num": 0}}, {"model": "likes.likecount", "pk": 40, "fields": {"content_type": 12, "object_id": 81, "liked_num": 0}}, {"model": "likes.likecount", "pk": 41, "fields": {"content_type": 12, "object_id": 80, "liked_num": 0}}, {"model": "likes.likecount", "pk": 42, "fields": {"content_type": 12, "object_id": 78, "liked_num": 0}}, {"model": "likes.likecount", "pk": 43, "fields": {"content_type": 12, "object_id": 79, "liked_num": 0}}, {"model": "likes.likecount", "pk": 44, "fields": {"content_type": 12, "object_id": 76, "liked_num": 0}}, {"model": "likes.likecount", "pk": 45, "fields": {"content_type": 12, "object_id": 77, "liked_num": 0}}, {"model": "likes.likecount", "pk": 46, "fields": {"content_type": 12, "object_id": 70, "liked_num": 0}}, {"model": "likes.likecount", "pk": 47, "fields": {"content_type": 12, "object_id": 67, "liked_num": 0}}, {"model": "likes.likecount", "pk": 48, "fields": {"content_type": 12, "object_id": 68, "liked_num": 0}}, {"model": "likes.likecount", "pk": 49, "fields": {"content_type": 12, "object_id": 69, "liked_num": 0}}, {"model": "likes.likecount", "pk": 50, "fields": {"content_type": 12, "object_id": 45, "liked_num": 0}}, {"model": "likes.likecount", "pk": 51, "fields": {"content_type": 12, "object_id": 46, "liked_num": 0}}, {"model": "likes.likecount", "pk": 52, "fields": {"content_type": 12, "object_id": 47, "liked_num": 0}}, {"model": "likes.likecount", "pk": 53, "fields": {"content_type": 12, "object_id": 48, "liked_num": 0}}, {"model": "likes.likecount", "pk": 54, "fields": {"content_type": 12, "object_id": 49, "liked_num": 0}}, {"model": "likes.likecount", "pk": 55, "fields": {"content_type": 12, "object_id": 40, "liked_num": 0}}, {"model": "likes.likecount", "pk": 56, "fields": {"content_type": 12, "object_id": 41, "liked_num": 0}}, {"model": "likes.likecount", "pk": 57, "fields": {"content_type": 12, "object_id": 42, "liked_num": 0}}, {"model": "likes.likecount", "pk": 58, "fields": {"content_type": 12, "object_id": 44, "liked_num": 0}}, {"model": "likes.likecount", "pk": 59, "fields": {"content_type": 12, "object_id": 39, "liked_num": 0}}, {"model": "likes.likecount", "pk": 60, "fields": {"content_type": 12, "object_id": 38, "liked_num": 0}}, {"model": "likes.likecount", "pk": 61, "fields": {"content_type": 12, "object_id": 37, "liked_num": 0}}, {"model": "likes.likecount", "pk": 62, "fields": {"content_type": 12, "object_id": 36, "liked_num": 0}}, {"model": "likes.likecount", "pk": 63, "fields": {"content_type": 12, "object_id": 35, "liked_num": 0}}, {"model": "likes.likecount", "pk": 64, "fields": {"content_type": 12, "object_id": 34, "liked_num": 0}}, {"model": "likes.likecount", "pk": 65, "fields": {"content_type": 12, "object_id": 17, "liked_num": 0}}, {"model": "likes.likecount", "pk": 66, "fields": {"content_type": 12, "object_id": 33, "liked_num": 0}}, {"model": "likes.likecount", "pk": 67, "fields": {"content_type": 12, "object_id": 43, "liked_num": 0}}, {"model": "likes.likecount", "pk": 68, "fields": {"content_type": 12, "object_id": 32, "liked_num": 0}}, {"model": "likes.likecount", "pk": 69, "fields": {"content_type": 12, "object_id": 31, "liked_num": 0}}, {"model": "likes.likecount", "pk": 70, "fields": {"content_type": 12, "object_id": 30, "liked_num": 0}}, {"model": "likes.likecount", "pk": 71, "fields": {"content_type": 12, "object_id": 29, "liked_num": 0}}, {"model": "likes.likecount", "pk": 72, "fields": {"content_type": 12, "object_id": 28, "liked_num": 0}}, {"model": "likes.likecount", "pk": 73, "fields": {"content_type": 12, "object_id": 27, "liked_num": 0}}, {"model": "likes.likecount", "pk": 74, "fields": {"content_type": 12, "object_id": 26, "liked_num": 0}}, {"model": "likes.likecount", "pk": 75, "fields": {"content_type": 12, "object_id": 25, "liked_num": 0}}, {"model": "likes.likecount", "pk": 76, "fields": {"content_type": 12, "object_id": 24, "liked_num": 0}}, {"model": "likes.likecount", "pk": 77, "fields": {"content_type": 12, "object_id": 23, "liked_num": 0}}, {"model": "likes.likecount", "pk": 78, "fields": {"content_type": 12, "object_id": 22, "liked_num": 0}}, {"model": "likes.likecount", "pk": 79, "fields": {"content_type": 12, "object_id": 21, "liked_num": 0}}, {"model": "likes.likecount", "pk": 80, "fields": {"content_type": 12, "object_id": 20, "liked_num": 0}}, {"model": "likes.likecount", "pk": 81, "fields": {"content_type": 12, "object_id": 19, "liked_num": 0}}, {"model": "likes.likecount", "pk": 82, "fields": {"content_type": 12, "object_id": 18, "liked_num": 0}}, {"model": "likes.likecount", "pk": 83, "fields": {"content_type": 12, "object_id": 16, "liked_num": 0}}, {"model": "likes.likecount", "pk": 84, "fields": {"content_type": 12, "object_id": 15, "liked_num": 0}}, {"model": "likes.likecount", "pk": 85, "fields": {"content_type": 12, "object_id": 14, "liked_num": 0}}, {"model": "likes.likecount", "pk": 86, "fields": {"content_type": 12, "object_id": 13, "liked_num": 0}}, {"model": "likes.likecount", "pk": 87, "fields": {"content_type": 12, "object_id": 12, "liked_num": 0}}, {"model": "likes.likecount", "pk": 88, "fields": {"content_type": 12, "object_id": 11, "liked_num": 0}}, {"model": "likes.likecount", "pk": 89, "fields": {"content_type": 12, "object_id": 10, "liked_num": 0}}, {"model": "likes.likecount", "pk": 90, "fields": {"content_type": 12, "object_id": 9, "liked_num": 0}}, {"model": "likes.likecount", "pk": 91, "fields": {"content_type": 12, "object_id": 8, "liked_num": 0}}, {"model": "likes.likecount", "pk": 92, "fields": {"content_type": 12, "object_id": 5, "liked_num": 0}}, {"model": "likes.likecount", "pk": 93, "fields": {"content_type": 12, "object_id": 4, "liked_num": 1}}, {"model": "likes.likecount", "pk": 94, "fields": {"content_type": 12, "object_id": 3, "liked_num": 0}}, {"model": "likes.likecount", "pk": 95, "fields": {"content_type": 12, "object_id": 2, "liked_num": 0}}, {"model": "likes.likecount", "pk": 96, "fields": {"content_type": 12, "object_id": 1, "liked_num": 0}}, {"model": "likes.likecount", "pk": 97, "fields": {"content_type": 7, "object_id": 4, "liked_num": 0}}, {"model": "likes.likecount", "pk": 98, "fields": {"content_type": 7, "object_id": 3, "liked_num": 0}}, {"model": "likes.likecount", "pk": 99, "fields": {"content_type": 12, "object_id": 129, "liked_num": 1}}, {"model": "likes.likecount", "pk": 100, "fields": {"content_type": 12, "object_id": 130, "liked_num": 0}}, {"model": "likes.likecount", "pk": 101, "fields": {"content_type": 12, "object_id": 107, "liked_num": 0}}, {"model": "likes.likecount", "pk": 102, "fields": {"content_type": 12, "object_id": 108, "liked_num": 0}}, {"model": "likes.likecount", "pk": 103, "fields": {"content_type": 12, "object_id": 109, "liked_num": 0}}, {"model": "likes.likecount", "pk": 104, "fields": {"content_type": 12, "object_id": 110, "liked_num": 0}}, {"model": "likes.likecount", "pk": 105, "fields": {"content_type": 12, "object_id": 111, "liked_num": 0}}, {"model": "likes.likecount", "pk": 106, "fields": {"content_type": 12, "object_id": 131, "liked_num": 0}}, {"model": "likes.likecount", "pk": 107, "fields": {"content_type": 12, "object_id": 132, "liked_num": 2}}, {"model": "likes.likecount", "pk": 108, "fields": {"content_type": 12, "object_id": 133, "liked_num": 1}}, {"model": "likes.likecount", "pk": 109, "fields": {"content_type": 12, "object_id": 90, "liked_num": 2}}, {"model": "likes.likecount", "pk": 110, "fields": {"content_type": 12, "object_id": 89, "liked_num": 2}}, {"model": "likes.likecount", "pk": 111, "fields": {"content_type": 12, "object_id": 88, "liked_num": 1}}, {"model": "likes.likecount", "pk": 112, "fields": {"content_type": 12, "object_id": 86, "liked_num": 1}}, {"model": "likes.likecount", "pk": 113, "fields": {"content_type": 12, "object_id": 87, "liked_num": 0}}, {"model": "likes.likecount", "pk": 114, "fields": {"content_type": 12, "object_id": 7, "liked_num": 0}}, {"model": "likes.likecount", "pk": 115, "fields": {"content_type": 12, "object_id": 50, "liked_num": 0}}, {"model": "likes.likecount", "pk": 116, "fields": {"content_type": 12, "object_id": 51, "liked_num": 0}}, {"model": "likes.likecount", "pk": 117, "fields": {"content_type": 12, "object_id": 6, "liked_num": 0}}, {"model": "likes.likecount", "pk": 118, "fields": {"content_type": 7, "object_id": 20, "liked_num": 0}}, {"model": "likes.likecount", "pk": 119, "fields": {"content_type": 7, "object_id": 19, "liked_num": 0}}, {"model": "likes.likecount", "pk": 120, "fields": {"content_type": 7, "object_id": 18, "liked_num": 0}}, {"model": "likes.likecount", "pk": 121, "fields": {"content_type": 7, "object_id": 17, "liked_num": 0}}, {"model": "likes.likecount", "pk": 122, "fields": {"content_type": 7, "object_id": 16, "liked_num": 0}}, {"model": "likes.likecount", "pk": 123, "fields": {"content_type": 7, "object_id": 15, "liked_num": 0}}, {"model": "likes.likecount", "pk": 124, "fields": {"content_type": 7, "object_id": 14, "liked_num": 0}}, {"model": "likes.likecount", "pk": 125, "fields": {"content_type": 7, "object_id": 13, "liked_num": 0}}, {"model": "likes.likecount", "pk": 126, "fields": {"content_type": 12, "object_id": 135, "liked_num": 0}}, {"model": "likes.likecount", "pk": 127, "fields": {"content_type": 12, "object_id": 134, "liked_num": 0}}, {"model": "likes.likecount", "pk": 128, "fields": {"content_type": 12, "object_id": 136, "liked_num": 1}}, {"model": "likes.likecount", "pk": 129, "fields": {"content_type": 12, "object_id": 137, "liked_num": 0}}, {"model": "likes.likecount", "pk": 130, "fields": {"content_type": 12, "object_id": 138, "liked_num": 0}}, {"model": "likes.likecount", "pk": 131, "fields": {"content_type": 12, "object_id": 139, "liked_num": 0}}, {"model": "likes.likecount", "pk": 132, "fields": {"content_type": 7, "object_id": 28, "liked_num": 0}}, {"model": "likes.likecount", "pk": 133, "fields": {"content_type": 12, "object_id": 140, "liked_num": 0}}, {"model": "likes.likecount", "pk": 134, "fields": {"content_type": 12, "object_id": 141, "liked_num": 1}}, {"model": "likes.likecount", "pk": 135, "fields": {"content_type": 12, "object_id": 142, "liked_num": 1}}, {"model": "likes.likecount", "pk": 136, "fields": {"content_type": 7, "object_id": 27, "liked_num": 0}}, {"model": "likes.likecount", "pk": 137, "fields": {"content_type": 7, "object_id": 26, "liked_num": 0}}, {"model": "likes.likecount", "pk": 138, "fields": {"content_type": 7, "object_id": 25, "liked_num": 0}}, {"model": "likes.likecount", "pk": 139, "fields": {"content_type": 7, "object_id": 24, "liked_num": 0}}, {"model": "likes.likecount", "pk": 140, "fields": {"content_type": 7, "object_id": 23, "liked_num": 0}}, {"model": "likes.likecount", "pk": 141, "fields": {"content_type": 7, "object_id": 22, "liked_num": 0}}, {"model": "likes.likecount", "pk": 142, "fields": {"content_type": 7, "object_id": 21, "liked_num": 0}}, {"model": "likes.likecount", "pk": 143, "fields": {"content_type": 12, "object_id": 143, "liked_num": 0}}, {"model": "likes.likecount", "pk": 144, "fields": {"content_type": 12, "object_id": 144, "liked_num": 1}}, {"model": "likes.likecount", "pk": 145, "fields": {"content_type": 12, "object_id": 145, "liked_num": 0}}, {"model": "likes.likecount", "pk": 146, "fields": {"content_type": 12, "object_id": 149, "liked_num": 1}}, {"model": "likes.likecount", "pk": 147, "fields": {"content_type": 12, "object_id": 150, "liked_num": 0}}, {"model": "likes.likecount", "pk": 148, "fields": {"content_type": 12, "object_id": 151, "liked_num": 0}}, {"model": "likes.likecount", "pk": 149, "fields": {"content_type": 12, "object_id": 152, "liked_num": 0}}, {"model": "likes.likecount", "pk": 150, "fields": {"content_type": 12, "object_id": 148, "liked_num": 0}}, {"model": "likes.likecount", "pk": 151, "fields": {"content_type": 12, "object_id": 146, "liked_num": 0}}, {"model": "likes.likecount", "pk": 152, "fields": {"content_type": 12, "object_id": 147, "liked_num": 0}}, {"model": "likes.likecount", "pk": 153, "fields": {"content_type": 12, "object_id": 153, "liked_num": 1}}, {"model": "likes.likecount", "pk": 154, "fields": {"content_type": 12, "object_id": 154, "liked_num": 0}}, {"model": "likes.likecount", "pk": 155, "fields": {"content_type": 12, "object_id": 158, "liked_num": 0}}, {"model": "likes.likecount", "pk": 156, "fields": {"content_type": 12, "object_id": 157, "liked_num": 0}}, {"model": "likes.likecount", "pk": 157, "fields": {"content_type": 12, "object_id": 156, "liked_num": 0}}, {"model": "likes.likecount", "pk": 158, "fields": {"content_type": 12, "object_id": 155, "liked_num": 0}}, {"model": "likes.likecount", "pk": 159, "fields": {"content_type": 12, "object_id": 64, "liked_num": 1}}, {"model": "likes.likecount", "pk": 160, "fields": {"content_type": 12, "object_id": 65, "liked_num": 0}}, {"model": "likes.likecount", "pk": 161, "fields": {"content_type": 12, "object_id": 66, "liked_num": 0}}, {"model": "likes.likecount", "pk": 162, "fields": {"content_type": 12, "object_id": 63, "liked_num": 0}}, {"model": "likes.likecount", "pk": 163, "fields": {"content_type": 12, "object_id": 62, "liked_num": 0}}, {"model": "likes.likecount", "pk": 164, "fields": {"content_type": 12, "object_id": 61, "liked_num": 0}}, {"model": "likes.likecount", "pk": 165, "fields": {"content_type": 12, "object_id": 60, "liked_num": 0}}, {"model": "likes.likecount", "pk": 166, "fields": {"content_type": 12, "object_id": 159, "liked_num": 0}}, {"model": "likes.likecount", "pk": 167, "fields": {"content_type": 12, "object_id": 163, "liked_num": 1}}, {"model": "likes.likecount", "pk": 168, "fields": {"content_type": 7, "object_id": 12, "liked_num": 0}}, {"model": "likes.likecount", "pk": 169, "fields": {"content_type": 7, "object_id": 11, "liked_num": 0}}, {"model": "likes.likecount", "pk": 170, "fields": {"content_type": 7, "object_id": 10, "liked_num": 0}}, {"model": "likes.likecount", "pk": 171, "fields": {"content_type": 7, "object_id": 9, "liked_num": 0}}, {"model": "likes.likecount", "pk": 172, "fields": {"content_type": 7, "object_id": 8, "liked_num": 0}}, {"model": "likes.likecount", "pk": 173, "fields": {"content_type": 7, "object_id": 7, "liked_num": 0}}, {"model": "likes.likecount", "pk": 174, "fields": {"content_type": 7, "object_id": 6, "liked_num": 0}}, {"model": "likes.likecount", "pk": 175, "fields": {"content_type": 7, "object_id": 5, "liked_num": 0}}, {"model": "likes.likecount", "pk": 176, "fields": {"content_type": 12, "object_id": 162, "liked_num": 0}}, {"model": "likes.likecount", "pk": 177, "fields": {"content_type": 12, "object_id": 161, "liked_num": 0}}, {"model": "likes.likecount", "pk": 178, "fields": {"content_type": 12, "object_id": 173, "liked_num": 0}}, {"model": "likes.likecount", "pk": 179, "fields": {"content_type": 12, "object_id": 172, "liked_num": 0}}, {"model": "likes.likecount", "pk": 180, "fields": {"content_type": 12, "object_id": 171, "liked_num": 0}}, {"model": "likes.likecount", "pk": 181, "fields": {"content_type": 12, "object_id": 170, "liked_num": 0}}, {"model": "likes.likecount", "pk": 182, "fields": {"content_type": 12, "object_id": 169, "liked_num": 0}}, {"model": "likes.likecount", "pk": 183, "fields": {"content_type": 12, "object_id": 168, "liked_num": 0}}, {"model": "likes.likecount", "pk": 184, "fields": {"content_type": 12, "object_id": 167, "liked_num": 0}}, {"model": "likes.likecount", "pk": 185, "fields": {"content_type": 12, "object_id": 166, "liked_num": 0}}, {"model": "likes.likecount", "pk": 186, "fields": {"content_type": 12, "object_id": 165, "liked_num": 0}}, {"model": "likes.likecount", "pk": 187, "fields": {"content_type": 12, "object_id": 174, "liked_num": 0}}, {"model": "likes.likecount", "pk": 188, "fields": {"content_type": 12, "object_id": 177, "liked_num": 0}}, {"model": "likes.likecount", "pk": 189, "fields": {"content_type": 12, "object_id": 176, "liked_num": 0}}, {"model": "likes.likecount", "pk": 190, "fields": {"content_type": 12, "object_id": 175, "liked_num": 0}}, {"model": "likes.likecount", "pk": 191, "fields": {"content_type": 12, "object_id": 178, "liked_num": 0}}, {"model": "likes.likecount", "pk": 192, "fields": {"content_type": 12, "object_id": 179, "liked_num": 0}}, {"model": "likes.likecount", "pk": 193, "fields": {"content_type": 12, "object_id": 180, "liked_num": 0}}, {"model": "likes.likecount", "pk": 194, "fields": {"content_type": 12, "object_id": 181, "liked_num": 0}}, {"model": "likes.likecount", "pk": 195, "fields": {"content_type": 12, "object_id": 182, "liked_num": 0}}, {"model": "likes.likecount", "pk": 196, "fields": {"content_type": 12, "object_id": 183, "liked_num": 0}}, {"model": "likes.likecount", "pk": 197, "fields": {"content_type": 12, "object_id": 184, "liked_num": 0}}, {"model": "likes.likecount", "pk": 198, "fields": {"content_type": 12, "object_id": 186, "liked_num": 1}}, {"model": "likes.likecount", "pk": 199, "fields": {"content_type": 12, "object_id": 187, "liked_num": 0}}, {"model": "likes.likecount", "pk": 200, "fields": {"content_type": 12, "object_id": 185, "liked_num": 0}}, {"model": "likes.likecount", "pk": 201, "fields": {"content_type": 12, "object_id": 188, "liked_num": 1}}, {"model": "likes.likecount", "pk": 202, "fields": {"content_type": 12, "object_id": 189, "liked_num": 1}}, {"model": "auth.permission", "pk": 1, "fields": {"name": "Can add log entry", "content_type": 1, "codename": "add_logentry"}}, {"model": "auth.permission", "pk": 2, "fields": {"name": "Can change log entry", "content_type": 1, "codename": "change_logentry"}}, {"model": "auth.permission", "pk": 3, "fields": {"name": "Can delete log entry", "content_type": 1, "codename": "delete_logentry"}}, {"model": "auth.permission", "pk": 4, "fields": {"name": "Can add permission", "content_type": 2, "codename": "add_permission"}}, {"model": "auth.permission", "pk": 5, "fields": {"name": "Can change permission", "content_type": 2, "codename": "change_permission"}}, {"model": "auth.permission", "pk": 6, "fields": {"name": "Can delete permission", "content_type": 2, "codename": "delete_permission"}}, {"model": "auth.permission", "pk": 7, "fields": {"name": "Can add group", "content_type": 3, "codename": "add_group"}}, {"model": "auth.permission", "pk": 8, "fields": {"name": "Can change group", "content_type": 3, "codename": "change_group"}}, {"model": "auth.permission", "pk": 9, "fields": {"name": "Can delete group", "content_type": 3, "codename": "delete_group"}}, {"model": "auth.permission", "pk": 10, "fields": {"name": "Can add user", "content_type": 4, "codename": "add_user"}}, {"model": "auth.permission", "pk": 11, "fields": {"name": "Can change user", "content_type": 4, "codename": "change_user"}}, {"model": "auth.permission", "pk": 12, "fields": {"name": "Can delete user", "content_type": 4, "codename": "delete_user"}}, {"model": "auth.permission", "pk": 13, "fields": {"name": "Can add content type", "content_type": 5, "codename": "add_contenttype"}}, {"model": "auth.permission", "pk": 14, "fields": {"name": "Can change content type", "content_type": 5, "codename": "change_contenttype"}}, {"model": "auth.permission", "pk": 15, "fields": {"name": "Can delete content type", "content_type": 5, "codename": "delete_contenttype"}}, {"model": "auth.permission", "pk": 16, "fields": {"name": "Can add session", "content_type": 6, "codename": "add_session"}}, {"model": "auth.permission", "pk": 17, "fields": {"name": "Can change session", "content_type": 6, "codename": "change_session"}}, {"model": "auth.permission", "pk": 18, "fields": {"name": "Can delete session", "content_type": 6, "codename": "delete_session"}}, {"model": "auth.permission", "pk": 19, "fields": {"name": "Can add blog", "content_type": 7, "codename": "add_blog"}}, {"model": "auth.permission", "pk": 20, "fields": {"name": "Can change blog", "content_type": 7, "codename": "change_blog"}}, {"model": "auth.permission", "pk": 21, "fields": {"name": "Can delete blog", "content_type": 7, "codename": "delete_blog"}}, {"model": "auth.permission", "pk": 22, "fields": {"name": "Can add blog type", "content_type": 8, "codename": "add_blogtype"}}, {"model": "auth.permission", "pk": 23, "fields": {"name": "Can change blog type", "content_type": 8, "codename": "change_blogtype"}}, {"model": "auth.permission", "pk": 24, "fields": {"name": "Can delete blog type", "content_type": 8, "codename": "delete_blogtype"}}, {"model": "auth.permission", "pk": 25, "fields": {"name": "Can add read num", "content_type": 9, "codename": "add_readnum"}}, {"model": "auth.permission", "pk": 26, "fields": {"name": "Can change read num", "content_type": 9, "codename": "change_readnum"}}, {"model": "auth.permission", "pk": 27, "fields": {"name": "Can delete read num", "content_type": 9, "codename": "delete_readnum"}}, {"model": "auth.permission", "pk": 28, "fields": {"name": "Can add read num", "content_type": 10, "codename": "add_readnum"}}, {"model": "auth.permission", "pk": 29, "fields": {"name": "Can change read num", "content_type": 10, "codename": "change_readnum"}}, {"model": "auth.permission", "pk": 30, "fields": {"name": "Can delete read num", "content_type": 10, "codename": "delete_readnum"}}, {"model": "auth.permission", "pk": 31, "fields": {"name": "Can add read detail", "content_type": 11, "codename": "add_readdetail"}}, {"model": "auth.permission", "pk": 32, "fields": {"name": "Can change read detail", "content_type": 11, "codename": "change_readdetail"}}, {"model": "auth.permission", "pk": 33, "fields": {"name": "Can delete read detail", "content_type": 11, "codename": "delete_readdetail"}}, {"model": "auth.permission", "pk": 34, "fields": {"name": "Can add comment", "content_type": 12, "codename": "add_comment"}}, {"model": "auth.permission", "pk": 35, "fields": {"name": "Can change comment", "content_type": 12, "codename": "change_comment"}}, {"model": "auth.permission", "pk": 36, "fields": {"name": "Can delete comment", "content_type": 12, "codename": "delete_comment"}}, {"model": "auth.permission", "pk": 37, "fields": {"name": "Can add like count", "content_type": 13, "codename": "add_likecount"}}, {"model": "auth.permission", "pk": 38, "fields": {"name": "Can change like count", "content_type": 13, "codename": "change_likecount"}}, {"model": "auth.permission", "pk": 39, "fields": {"name": "Can delete like count", "content_type": 13, "codename": "delete_likecount"}}, {"model": "auth.permission", "pk": 40, "fields": {"name": "Can add like record", "content_type": 14, "codename": "add_likerecord"}}, {"model": "auth.permission", "pk": 41, "fields": {"name": "Can change like record", "content_type": 14, "codename": "change_likerecord"}}, {"model": "auth.permission", "pk": 42, "fields": {"name": "Can delete like record", "content_type": 14, "codename": "delete_likerecord"}}, {"model": "auth.permission", "pk": 43, "fields": {"name": "Can add profile", "content_type": 15, "codename": "add_profile"}}, {"model": "auth.permission", "pk": 44, "fields": {"name": "Can change profile", "content_type": 15, "codename": "change_profile"}}, {"model": "auth.permission", "pk": 45, "fields": {"name": "Can delete profile", "content_type": 15, "codename": "delete_profile"}}, {"model": "auth.user", "pk": 1, "fields": {"password": "pbkdf2_sha256$100000$6hpVGKvxLBfW$MmFIYldySXVKcQeaeZ371U/CfeM0GNSp29XfvdDyDBA=", "last_login": "2019-05-20T22:00:04.734", "is_superuser": true, "username": "jiangnanmax", "first_name": "", "last_name": "", "email": "jiangnanmax@gmail.com", "is_staff": true, "is_active": true, "date_joined": "2018-11-11T11:59:14.705", "groups": [], "user_permissions": []}}, {"model": "auth.user", "pk": 2, "fields": {"password": "pbkdf2_sha256$100000$xL8uu3uRnZzI$6YAjYDhI74VZZiDfyAUMPFqL7aEeA2XAu6tUhfyY9Co=", "last_login": "2018-12-11T13:45:00", "is_superuser": false, "username": "jiangnan", "first_name": "", "last_name": "", "email": "", "is_staff": false, "is_active": true, "date_joined": "2018-11-24T14:35:00", "groups": [], "user_permissions": []}}, {"model": "auth.user", "pk": 3, "fields": {"password": "pbkdf2_sha256$100000$IodMsJ6Sb7xm$rW29aoKBRijJbgb991HPpFDXbeYiQmQViT9GRC9tjPQ=", "last_login": "2018-12-09T12:03:28.409", "is_superuser": false, "username": "\u6c5f\u5c0f\u5357", "first_name": "", "last_name": "", "email": "123@qq.com", "is_staff": false, "is_active": true, "date_joined": "2018-11-25T14:39:20.624", "groups": [], "user_permissions": []}}, {"model": "auth.user", "pk": 4, "fields": {"password": "pbkdf2_sha256$100000$b0LZLEWd4Qj9$Fdwd0T/T4VXEVlIDbCwCmDDU+wvKyFX+iD6ACAuUXno=", "last_login": "2019-05-20T22:23:00.768", "is_superuser": false, "username": "\u9648\u4fee\u5fd7\u5f1f\u5f1f", "first_name": "", "last_name": "", "email": "", "is_staff": false, "is_active": true, "date_joined": "2019-05-20T19:20:00", "groups": [], "user_permissions": []}}, {"model": "auth.user", "pk": 5, "fields": {"password": "pbkdf2_sha256$100000$OvYFd50hLJ39$xjyRQa4//1njI9tYaiaFOpFDUEa1WYmjDHXlzv2c2V0=", "last_login": "2019-05-20T19:22:26.045", "is_superuser": false, "username": "\u6c5f\u5357\u6700\u5e05", "first_name": "", "last_name": "", "email": "123321@qq.com", "is_staff": false, "is_active": true, "date_joined": "2019-05-20T19:22:25.797", "groups": [], "user_permissions": []}}, {"model": "auth.user", "pk": 7, "fields": {"password": "pbkdf2_sha256$100000$k6koJusT3xaE$D5CwzIz0moGTcCmGkVtOLPya8SX4EKat3rdIcfBgwhY=", "last_login": "2019-05-20T22:02:29.789", "is_superuser": false, "username": "lalala", "first_name": "", "last_name": "", "email": "18918020032@163.com", "is_staff": false, "is_active": true, "date_joined": "2019-05-20T22:01:14.662", "groups": [], "user_permissions": []}}, {"model": "blog.blog", "pk": 3, "fields": {"title": "\u957f\u5185\u5bb9\u7684\u535a\u5ba2", "blog_type": 2, "content": "\u9876\u9876\u9876\u9876\u9876\u9876\u9876\u9876\u9876\u9876\u9876\u9876\u9876\u9876\u9876\u9876\u9876\u9876\u9876\u9876\u9876\u9876\u9876\u9876\u9876\u9876\u9876\u9876\u9876\u9876\u9876\u9876\u9876\u9876\u9876\u9876\u9876\u9876\u9876\u9876\u9876\u9876\u9876\u9876\u9876\u9876\u9876\u9876\u9876\u9876\u9876\u9876\u9876\u9876\u9876\u9876\u9876\u9876\u9876\u9876\u9876\u9876\u9876\u9876\u9876\u9876\u9876\u9876\u9876\u9876\u9876\u9876\u9876\u9876\u9876\u9876\u9876\u9876\u9876\u9876\u9876\u9876\u9876\u9876\u9876\u9876\u9876\u9876\u9876\u9876\u9876\u9876\u9876\u9876\u9876\u9876\u9876\u9876\u9876\u9876\u9876\u9876\u9876\u9876\u9876\u9876\u9876\u9876\u9876\u9876\u9876\u9876\u9876\u9876\u9876\u9876\u9876\u9876\u9876\u9876\u9876\u9876\u9876\u9876\u9876\u9876\u9876\u9876\u9876\u9876\u9876\u9876\u9876\u9876\u9876\u9876\u9876\u9876\u9876\u9876\u9876\u9876\u9876\u9876\u9876\u9876\u9876\u9876\u9876\u9876\u9876\u9876\u9876\u9876\u9876\u9876\u9876\u9876\u9876\u9876\u9876\u9876\u9876\u9876\u9876\u9876\u9876\u9876\u9876\u9876\u9876\u9876\u9876\u9876\u9876\u9876\u9876\u9876\u9876\u9876\u9876\u9876\u9876\u9876\u9876\u9876\u9876\u9876\u9876\u9876\u9876\u9876\u9876\u9876\u9876\u9876\u9876\u9876\u9876\u9876\u9876\u9876\u9876\u9876\u9876\u9876\u9876\u9876\u9876\u9876\u9876\u9876\u9876\u9876\u9876\u9876\u9876\u9876\u9876\u9876\u9876\u9876\u9876\u9876\u9876\u9876\u9876\u9876\u9876\u9876\u9876\u9876\u9876\u9876\u9876\u9876\u9876\u9876\u9876\u9876\u9876\u9876\u9876\u9876\u9876\u9876\u9876\u9876\u9876\u9876\u9876\u9876\u9876\u9876\u9876\u9876\u9876\u9876\u9876\u9876\u9876\u9876\u9876\u9876\u9876\u9876\u9876\u9876\u9876\u9876\u9876\u9876\u9876\u9876\u9876\u9876\u9876\u9876\u9876\u9876\u9876\u9876\u9876\u9876\u9876\u9876\u9876\u9876\u9876\u9876\u9876\u9876\u9876\u9876\u9876\u9876\u9876\u9876\u9876\u9876\u9876\u9876\u9876\u9876\u9876\u9876\u9876\u9876\u9876\u9876\u9876\u9876\u9876\u9876\u9876\u9876\u9876\u9876\u9876\u9876\u9876\u9876\u9876\u9876\u9876\u9876\u9876\u9876\u9876\u9876\u9876\u9876\u9876\u9876\u9876\u9876\u9876\u9876\u9876\u9876\u9876\u9876\u9876\u9876\u9876\u9876\u9876\u9876\u9876\u9876\u9876\u9876\u9876\u9876\u9876\u9876\u9876\u9876\u9876\u9876\u9876\u9876\u9876\u9876\u9876\u9876\u9876\u9876\u9876\u9876\u9876\u9876\u9876\u9876\u9876\u9876\u9876\u9876\u9876\u9876\u9876\u9876\u9876\u9876\u9876\u9876\u9876\u9876\u9876\u9876\u9876\u9876\u9876\u9876\u9876\u9876\u9876\u9876\u9876\u9876\u9876\u9876\u9876\u9876\u9876\u9876\u9876\u9876\u9876\u9876\u9876\u9876\u9876\u9876\u9876\u9876\u9876\u9876\u9876\u9876\u9876\u9876\u9876\u9876\u9876\u9876\u9876\u9876\u9876\u9876\u9876\u9876\u9876\u9876\u9876\u9876\u9876\u9876\u9876\u9876\u9876\u9876\u9876\u9876\u9876\u9876\u9876\u9876\u9876\u9876\u9876\u9876\u9876\u9876\u9876\u9876\u9876\u9876\u9876\u9876\u9876\u9876\u9876\u9876\u9876\u9876\u9876\u9876\u9876\u9876\u9876\u9876\u9876\u9876\u9876\u9876\u9876\u9876\u9876\u9876\u9876\u9876\u9876\u9876\u9876\u9876\u9876\u9876\u9876\u9876\u9876\u9876\u9876\u9876\u9876\u9876\u9876\u9876\u9876\u9876\u9876\u9876\u9876\u9876\u9876\u9876\u9876\u9876\u9876\u9876\u9876\u9876\u9876\u9876\u9876\u9876\u9876\u9876\u9876\u9876\u9876\u9876\u9876\u9876\u9876\u9876\u9876\u9876\u9876\u9876\u9876\u9876\u9876\u9876\u9876\u9876\u9876\u9876\u9876\u9876\u9876\u9876\u9876\u9876\u9876\u9876\u9876\u9876\u9876\u9876\u9876\u9876\u9876\u9876\u9876\u9876\u9876\u9876\u9876\u9876\u9876\u9876\u9876\u9876\u9876\u9876\u9876\u9876\u9876\u9876\u9876\u9876\u9876\u9876\u9876\u9876\u9876\u9876\u9876\u9876\u9876\u9876\u9876\u9876\u9876\u9876\u9876\u9876\u9876\u9876\u9876\u9876\u9876\u9876\u9876\u9876\u9876\u9876\u9876\u9876\u9876\u9876\u9876\u9876\u9876\u9876\u9876\u9876\u9876\u9876\u9876\u9876\u9876\u9876\u9876\u9876\u9876\u9876\u9876\u9876\u9876\u9876\u9876\u9876\u9876\u9876\u9876\u9876\u9876\u9876\u9876\u9876\u9876\u9876\u9876\u9876\u9876\u9876\u9876\u9876\u9876\u9876\u9876\u9876\u9876\u9876\u9876\u9876\u9876\u9876\u9876\u9876\u9876\u9876\u9876\u9876\u9876\u9876\u9876\u9876\u9876\u9876\u9876\u9876\u9876\u9876\u9876\u9876\u9876\u9876\u9876\u9876\u9876\u9876\u9876\u9876\u9876\u9876\u9876\u9876\u9876\u9876\u9876\u9876\u9876\u9876\u9876\u9876\u9876\u9876\u9876\u9876\u9876\u9876\u9876\u9876\u9876\u9876\u9876\u9876\u9876\u9876\u9876\u9876\u9876\u9876\u9876\u9876\u9876\u9876\u9876\u9876\u9876\u9876\u9876\u9876\u9876\u9876\u9876\u9876\u9876\u9876", "author": 1, "created_time": "2018-11-11T13:14:43.346", "last_updated_time": "2018-11-11T13:14:43.346"}}, {"model": "blog.blog", "pk": 4, "fields": {"title": "\u968f\u7b142", "blog_type": 2, "content": "\u53d1\u70ed\u9ad8\u5cf0\u671f\u5fae\u8f6f\u653e\u5f03\u6211\u5982\u679c\u4e03\u4e8c\u6760\u4e03\u4e8c\u4e07\u80a1", "author": 1, "created_time": "2018-11-11T21:44:04.306", "last_updated_time": "2018-11-11T21:44:04.306"}}, {"model": "blog.blog", "pk": 5, "fields": {"title": "Django1", "blog_type": 1, "content": "s\u53d1\u5c04\u70b9\u53d1\u751f\u6253\u53d1\u6253\u53d1EAV", "author": 1, "created_time": "2018-11-11T21:44:16.688", "last_updated_time": "2018-11-11T21:44:16.688"}}, {"model": "blog.blog", "pk": 6, "fields": {"title": "shell\u6a21\u5f0f\u4e0b\u7b2c1\u7bc7", "blog_type": 1, "content": "xxxxxxxx", "author": 1, "created_time": "2018-11-12T19:26:37.739", "last_updated_time": "2018-11-12T19:26:37.739"}}, {"model": "blog.blog", "pk": 7, "fields": {"title": "for 1", "blog_type": 1, "content": "xxxxxx 1", "author": 1, "created_time": "2018-11-12T19:32:56.714", "last_updated_time": "2018-11-12T19:32:56.714"}}, {"model": "blog.blog", "pk": 8, "fields": {"title": "for 2", "blog_type": 1, "content": "xxxxxx 2", "author": 1, "created_time": "2018-11-12T19:32:56.729", "last_updated_time": "2018-11-12T19:32:56.729"}}, {"model": "blog.blog", "pk": 9, "fields": {"title": "for 3", "blog_type": 1, "content": "xxxxxx 3", "author": 1, "created_time": "2018-11-12T19:32:56.745", "last_updated_time": "2018-11-12T19:32:56.745"}}, {"model": "blog.blog", "pk": 10, "fields": {"title": "for 4", "blog_type": 1, "content": "xxxxxx 4", "author": 1, "created_time": "2018-11-12T19:32:56.760", "last_updated_time": "2018-11-12T19:32:56.760"}}, {"model": "blog.blog", "pk": 11, "fields": {"title": "for 5", "blog_type": 1, "content": "xxxxxx 5", "author": 1, "created_time": "2018-11-12T19:32:56.792", "last_updated_time": "2018-11-12T19:32:56.792"}}, {"model": "blog.blog", "pk": 12, "fields": {"title": "for 6", "blog_type": 1, "content": "xxxxxx 6", "author": 1, "created_time": "2018-11-12T19:32:56.807", "last_updated_time": "2018-11-12T19:32:56.807"}}, {"model": "blog.blog", "pk": 13, "fields": {"title": "for 7", "blog_type": 1, "content": "xxxxxx 7", "author": 1, "created_time": "2018-11-12T19:32:56.823", "last_updated_time": "2018-11-12T19:32:56.823"}}, {"model": "blog.blog", "pk": 14, "fields": {"title": "for 8", "blog_type": 1, "content": "xxxxxx 8", "author": 1, "created_time": "2018-11-12T19:32:56.839", "last_updated_time": "2018-11-12T19:32:56.839"}}, {"model": "blog.blog", "pk": 15, "fields": {"title": "for 9", "blog_type": 1, "content": "xxxxxx 9", "author": 1, "created_time": "2018-11-12T19:32:56.854", "last_updated_time": "2018-11-12T19:32:56.854"}}, {"model": "blog.blog", "pk": 16, "fields": {"title": "for 10", "blog_type": 1, "content": "xxxxxx 10", "author": 1, "created_time": "2018-11-12T19:32:56.870", "last_updated_time": "2018-11-12T19:32:56.870"}}, {"model": "blog.blog", "pk": 17, "fields": {"title": "for 11", "blog_type": 1, "content": "xxxxxx 11", "author": 1, "created_time": "2018-11-12T19:32:56.885", "last_updated_time": "2018-11-12T19:32:56.885"}}, {"model": "blog.blog", "pk": 18, "fields": {"title": "for 12", "blog_type": 1, "content": "xxxxxx 12", "author": 1, "created_time": "2018-11-12T19:32:56.901", "last_updated_time": "2018-11-12T19:32:56.901"}}, {"model": "blog.blog", "pk": 19, "fields": {"title": "for 13", "blog_type": 1, "content": "xxxxxx 13", "author": 1, "created_time": "2018-11-12T19:32:56.917", "last_updated_time": "2018-11-12T19:32:56.917"}}, {"model": "blog.blog", "pk": 20, "fields": {"title": "for 14", "blog_type": 1, "content": "xxxxxx 14", "author": 1, "created_time": "2018-11-12T19:32:56.932", "last_updated_time": "2018-11-12T19:32:56.932"}}, {"model": "blog.blog", "pk": 21, "fields": {"title": "for 15", "blog_type": 1, "content": "xxxxxx 15", "author": 1, "created_time": "2018-11-12T19:32:56.948", "last_updated_time": "2018-11-12T19:32:56.948"}}, {"model": "blog.blog", "pk": 22, "fields": {"title": "for 16", "blog_type": 1, "content": "xxxxxx 16", "author": 1, "created_time": "2018-11-12T19:32:56.979", "last_updated_time": "2018-11-12T19:32:56.979"}}, {"model": "blog.blog", "pk": 23, "fields": {"title": "for 17", "blog_type": 1, "content": "xxxxxx 17", "author": 1, "created_time": "2018-11-12T19:32:56.995", "last_updated_time": "2018-11-12T19:32:56.995"}}, {"model": "blog.blog", "pk": 24, "fields": {"title": "for 18", "blog_type": 1, "content": "xxxxxx 18", "author": 1, "created_time": "2018-11-12T19:32:57.010", "last_updated_time": "2018-11-12T19:32:57.010"}}, {"model": "blog.blog", "pk": 25, "fields": {"title": "for 19", "blog_type": 1, "content": "xxxxxx 19", "author": 1, "created_time": "2018-11-12T19:32:57.026", "last_updated_time": "2018-11-12T19:32:57.026"}}, {"model": "blog.blog", "pk": 26, "fields": {"title": "for 20", "blog_type": 1, "content": "xxxxxx 20", "author": 1, "created_time": "2018-11-12T19:32:57.042", "last_updated_time": "2018-11-12T19:32:57.042"}}, {"model": "blog.blog", "pk": 27, "fields": {"title": "for 21", "blog_type": 1, "content": "xxxxxx 21", "author": 1, "created_time": "2018-11-12T19:32:57.057", "last_updated_time": "2018-11-12T19:32:57.057"}}, {"model": "blog.blog", "pk": 28, "fields": {"title": "for 22", "blog_type": 1, "content": "xxxxxx 22", "author": 1, "created_time": "2018-11-12T19:32:57.073", "last_updated_time": "2018-11-12T19:32:57.073"}}, {"model": "blog.blog", "pk": 29, "fields": {"title": "for 23", "blog_type": 1, "content": "xxxxxx 23", "author": 1, "created_time": "2018-11-12T19:32:57.088", "last_updated_time": "2018-11-12T19:32:57.088"}}, {"model": "blog.blog", "pk": 30, "fields": {"title": "for 24", "blog_type": 1, "content": "xxxxxx 24", "author": 1, "created_time": "2018-11-12T19:32:57.104", "last_updated_time": "2018-11-12T19:32:57.104"}}, {"model": "blog.blog", "pk": 31, "fields": {"title": "for 25", "blog_type": 1, "content": "xxxxxx 25", "author": 1, "created_time": "2018-11-12T19:32:57.120", "last_updated_time": "2018-11-12T19:32:57.120"}}, {"model": "blog.blog", "pk": 32, "fields": {"title": "for 26", "blog_type": 1, "content": "xxxxxx 26", "author": 1, "created_time": "2018-11-12T19:32:57.135", "last_updated_time": "2018-11-12T19:32:57.135"}}, {"model": "blog.blog", "pk": 33, "fields": {"title": "for 27", "blog_type": 1, "content": "xxxxxx 27", "author": 1, "created_time": "2018-11-12T19:32:57.151", "last_updated_time": "2018-11-12T19:32:57.151"}}, {"model": "blog.blog", "pk": 34, "fields": {"title": "for 28", "blog_type": 1, "content": "xxxxxx 28", "author": 1, "created_time": "2018-11-12T19:32:57.167", "last_updated_time": "2018-11-12T19:32:57.167"}}, {"model": "blog.blog", "pk": 35, "fields": {"title": "for 29", "blog_type": 1, "content": "xxxxxx 29", "author": 1, "created_time": "2018-11-12T19:32:57.182", "last_updated_time": "2018-11-12T19:32:57.182"}}, {"model": "blog.blog", "pk": 36, "fields": {"title": "for 30", "blog_type": 1, "content": "xxxxxx 30", "author": 1, "created_time": "2018-11-12T19:32:57.198", "last_updated_time": "2018-11-12T19:32:57.198"}}, {"model": "comment.comment", "pk": 1, "fields": {"content_type": 7, "object_id": 36, "text": "123", "comment_time": "2018-11-23T14:11:51.649", "user": 1, "root": null, "parent": null, "reply_to": null}}, {"model": "comment.comment", "pk": 2, "fields": {"content_type": 7, "object_id": 36, "text": "jiangnan", "comment_time": "2018-11-23T15:42:33.883", "user": 1, "root": null, "parent": null, "reply_to": null}}, {"model": "comment.comment", "pk": 3, "fields": {"content_type": 7, "object_id": 36, "text": "111", "comment_time": "2018-11-23T15:44:29.597", "user": 1, "root": null, "parent": null, "reply_to": null}}, {"model": "comment.comment", "pk": 4, "fields": {"content_type": 7, "object_id": 36, "text": "\u6c5f\u5357", "comment_time": "2018-11-23T17:28:39.138", "user": 1, "root": null, "parent": null, "reply_to": null}}, {"model": "comment.comment", "pk": 5, "fields": {"content_type": 7, "object_id": 36, "text": "lalala", "comment_time": "2018-11-23T17:43:40.433", "user": 1, "root": null, "parent": null, "reply_to": null}}, {"model": "comment.comment", "pk": 6, "fields": {"content_type": 7, "object_id": 35, "text": "123", "comment_time": "2018-11-23T17:44:17.322", "user": 1, "root": null, "parent": null, "reply_to": null}}, {"model": "comment.comment", "pk": 7, "fields": {"content_type": 7, "object_id": 35, "text": "321", "comment_time": "2018-11-23T17:44:20.569", "user": 1, "root": null, "parent": null, "reply_to": null}}, {"model": "comment.comment", "pk": 8, "fields": {"content_type": 7, "object_id": 36, "text": "F**k", "comment_time": "2018-11-23T18:06:48.889", "user": 1, "root": null, "parent": null, "reply_to": null}}, {"model": "comment.comment", "pk": 9, "fields": {"content_type": 7, "object_id": 36, "text": "hello", "comment_time": "2018-11-23T18:07:11.914", "user": 1, "root": null, "parent": null, "reply_to": null}}, {"model": "comment.comment", "pk": 10, "fields": {"content_type": 7, "object_id": 36, "text": "hahaha", "comment_time": "2018-11-23T18:07:19.566", "user": 1, "root": null, "parent": null, "reply_to": null}}, {"model": "comment.comment", "pk": 11, "fields": {"content_type": 7, "object_id": 36, "text": "fdsfsdfsfsd\r\nf\r\nsdf\r\nds\r\nf\r\nsdf\r\nsdf\r\ns\r\nd\r\nf\r\nsd\r\nf\r\nsd\r\nfsd\r\nf\r\nds\r\nf\r\ndfsd", "comment_time": "2018-11-23T18:09:11.585", "user": 1, "root": null, "parent": null, "reply_to": null}}, {"model": "comment.comment", "pk": 12, "fields": {"content_type": 7, "object_id": 36, "text": "sdfdsffffffffffffffffffffffffffffffffffffffffffffffffffffffffffffffffffffffffffffffffffffffffffffffffffffffffffffffffffffffffffffffffffffffffffffffffffffffffffffffffffffffffffffffffffffffffffffffffffffffffffffffffffffffffffffffffffffffffffffffffffffffffffffffffffffffffff", "comment_time": "2018-11-23T18:09:25.173", "user": 1, "root": null, "parent": null, "reply_to": null}}, {"model": "comment.comment", "pk": 13, "fields": {"content_type": 7, "object_id": 36, "text": "\u771f\u68d2", "comment_time": "2018-11-23T18:09:38.781", "user": 1, "root": null, "parent": null, "reply_to": null}}, {"model": "comment.comment", "pk": 14, "fields": {"content_type": 7, "object_id": 36, "text": "v\u6492\u65e6v\u6492\u7eff\u519b\u6492\u5305\u62ecv\u554a\u662f\u5357\u65b9\u5e74\u5723\u8bde\u8282\u5f00\u53d1\u80fd\u529b\u6492\u65e6v\u6492\u65e6\u53d1\u751f\u798f\u5efa\u7701\u6cd5\u8003\u798f\u7ed3\u679cVS\u590d\u6d3b\u8282\u65b9\u5f0f\u6545\u4e8b\u8985\u5076\u662f\u56de\u623f\u95f4\u54e6\u5a5a\u7eb1vhja\u6fc0\u6d3bv\u56de\u5bb6\u6492\u6cd5\u548c\u5c31\u54e6\u554a\u662f\u89c4\u5212\u8bbe\u8ba1vashv\u9ad8\u6536\u8d39\u6697\u6740\u8ba1\u5212v\u9a84\u50b2\u662f\u5426v\u5361\u662fv\u5c31\u7231\u4e0a\u51e4\u51f0v\u53ca\u65f6\u53d1\u8d27\u5065\u8eab\u623f\u805a\u4f1a\u6492\u6cd5\u548cv\u6492\u56de\u590d\u53ef\u89c1\u6c99\u53d1\u5565\u6050\u60e7\u795e\u76fe\u5c40\u6492\u6cd5\u548cVS", "comment_time": "2018-11-23T18:09:50.467", "user": 1, "root": null, "parent": null, "reply_to": null}}, {"model": "comment.comment", "pk": 15, "fields": {"content_type": 7, "object_id": 36, "text": "\u5730\u65b9\u6492\u65e6v\u963f\u65af\u8482\u82acDSVAA\u592b\u5987\u53cc\u65b9\u8ba4\u4e3aAEFD F\u4eba\u7269\u7684\u8eab\u4efdAE\u6c99\u53d1FSADFSADGFASD \u5bcc\u5546\u5927\u8d3e\u8428\u683c\u8272G\u8f7b\u800c\u53d1\u751f\u7684\u65b9\u6cd5\u6492\u65e6\u6492\u65e6\u4ebaQGSR\u53d1\u7684\u98ce\u683c\u72af\u5f97\u4e0a\u5927\u5e08\u5085\u5341\u5927ggggggggggggggggggg", "comment_time": "2018-11-23T18:10:09.026", "user": 1, "root": null, "parent": null, "reply_to": null}}, {"model": "comment.comment", "pk": 16, "fields": {"content_type": 7, "object_id": 36, "text": "django form", "comment_time": "2018-11-24T21:07:47.343", "user": 1, "root": null, "parent": null, "reply_to": null}}, {"model": "comment.comment", "pk": 17, "fields": {"content_type": 7, "object_id": 36, "text": "666", "comment_time": "2018-11-24T21:35:44.930", "user": 1, "root": 34, "parent": 34, "reply_to": 3}}, {"model": "comment.comment", "pk": 18, "fields": {"content_type": 7, "object_id": 36, "text": "\u6d4b\u8bd5", "comment_time": "2018-11-24T23:55:57.825", "user": 1, "root": null, "parent": null, "reply_to": null}}, {"model": "comment.comment", "pk": 19, "fields": {"content_type": 7, "object_id": 36, "text": "<p><img alt=\"wink\" height=\"23\" src=\"http://127.0.0.1:8000/static/ckeditor/ckeditor/plugins/smiley/images/wink_smile.png\" title=\"wink\" width=\"23\" /></p>", "comment_time": "2018-11-25T13:45:31.144", "user": 1, "root": null, "parent": null, "reply_to": null}}, {"model": "comment.comment", "pk": 20, "fields": {"content_type": 7, "object_id": 36, "text": "<p><img alt=\"kiss\" height=\"23\" src=\"http://127.0.0.1:8000/static/ckeditor/ckeditor/plugins/smiley/images/kiss.png\" title=\"kiss\" width=\"23\" /></p>", "comment_time": "2018-11-25T13:45:54.063", "user": 1, "root": null, "parent": null, "reply_to": null}}, {"model": "comment.comment", "pk": 21, "fields": {"content_type": 7, "object_id": 36, "text": "<p>saddafdf</p>", "comment_time": "2018-11-25T13:47:33.828", "user": 1, "root": null, "parent": null, "reply_to": null}}, {"model": "comment.comment", "pk": 22, "fields": {"content_type": 7, "object_id": 36, "text": "<p>dffsdf<img alt=\"sad\" height=\"23\" src=\"http://127.0.0.1:8000/static/ckeditor/ckeditor/plugins/smiley/images/sad_smile.png\" title=\"sad\" width=\"23\" /></p>", "comment_time": "2018-11-25T13:47:45.223", "user": 1, "root": null, "parent": null, "reply_to": null}}, {"model": "comment.comment", "pk": 23, "fields": {"content_type": 7, "object_id": 36, "text": "<p><span style=\"background-color:#2ecc71\">wreqw</span></p>", "comment_time": "2018-11-25T13:49:47.524", "user": 1, "root": null, "parent": null, "reply_to": null}}, {"model": "comment.comment", "pk": 24, "fields": {"content_type": 7, "object_id": 36, "text": "<p><img alt=\"laugh\" height=\"23\" src=\"http://127.0.0.1:8000/static/ckeditor/ckeditor/plugins/smiley/images/teeth_smile.png\" title=\"laugh\" width=\"23\" /></p>", "comment_time": "2018-11-25T13:50:23.370", "user": 1, "root": null, "parent": null, "reply_to": null}}, {"model": "comment.comment", "pk": 25, "fields": {"content_type": 7, "object_id": 36, "text": "<p>test</p>", "comment_time": "2018-11-25T14:09:40.120", "user": 1, "root": null, "parent": null, "reply_to": null}}, {"model": "comment.comment", "pk": 26, "fields": {"content_type": 7, "object_id": 36, "text": "<p>django</p>", "comment_time": "2018-11-25T14:13:00.078", "user": 1, "root": null, "parent": null, "reply_to": null}}, {"model": "comment.comment", "pk": 27, "fields": {"content_type": 7, "object_id": 36, "text": "<p>django</p>", "comment_time": "2018-11-25T14:13:02.467", "user": 1, "root": null, "parent": null, "reply_to": null}}, {"model": "comment.comment", "pk": 28, "fields": {"content_type": 7, "object_id": 36, "text": "<p>eheng</p>", "comment_time": "2018-11-25T14:19:27.257", "user": 1, "root": null, "parent": null, "reply_to": null}}, {"model": "comment.comment", "pk": 29, "fields": {"content_type": 7, "object_id": 36, "text": "<p>ehengdd</p>", "comment_time": "2018-11-25T14:19:30.867", "user": 1, "root": null, "parent": null, "reply_to": null}}, {"model": "comment.comment", "pk": 30, "fields": {"content_type": 7, "object_id": 36, "text": "<p>sd</p>", "comment_time": "2018-11-25T14:20:51.610", "user": 1, "root": null, "parent": null, "reply_to": null}}, {"model": "comment.comment", "pk": 31, "fields": {"content_type": 7, "object_id": 36, "text": "<p>sd<img alt=\"cheeky\" height=\"23\" src=\"http://127.0.0.1:8000/static/ckeditor/ckeditor/plugins/smiley/images/tongue_smile.png\" title=\"cheeky\" width=\"23\" /></p>", "comment_time": "2018-11-25T14:21:10.347", "user": 1, "root": null, "parent": null, "reply_to": null}}, {"model": "comment.comment", "pk": 32, "fields": {"content_type": 7, "object_id": 36, "text": "<p>wwe</p>", "comment_time": "2018-11-25T14:22:02.537", "user": 1, "root": null, "parent": null, "reply_to": null}}, {"model": "comment.comment", "pk": 33, "fields": {"content_type": 7, "object_id": 36, "text": "<p>dasd</p>", "comment_time": "2018-11-25T14:32:03.873", "user": 1, "root": 34, "parent": 34, "reply_to": 3}}, {"model": "comment.comment", "pk": 34, "fields": {"content_type": 7, "object_id": 36, "text": "<p>\u6c5f\u5c0f\u5357\u5230\u6b64\u4e00\u6e38</p>", "comment_time": "2018-11-25T14:39:41.429", "user": 3, "root": null, "parent": null, "reply_to": null}}, {"model": "comment.comment", "pk": 35, "fields": {"content_type": 7, "object_id": 36, "text": "<p>233</p>", "comment_time": "2018-11-27T18:11:23.391", "user": 1, "root": null, "parent": null, "reply_to": null}}, {"model": "comment.comment", "pk": 36, "fields": {"content_type": 7, "object_id": 36, "text": "<p>332</p>", "comment_time": "2018-11-27T18:11:31.745", "user": 1, "root": null, "parent": null, "reply_to": null}}, {"model": "comment.comment", "pk": 37, "fields": {"content_type": 7, "object_id": 36, "text": "<p>123</p>", "comment_time": "2018-11-27T18:51:09.959", "user": 1, "root": null, "parent": null, "reply_to": null}}, {"model": "comment.comment", "pk": 38, "fields": {"content_type": 7, "object_id": 36, "text": "<p>123</p>", "comment_time": "2018-11-27T18:51:19.586", "user": 1, "root": null, "parent": null, "reply_to": null}}, {"model": "comment.comment", "pk": 39, "fields": {"content_type": 7, "object_id": 36, "text": "<p>123</p>", "comment_time": "2018-11-27T18:52:23.559", "user": 1, "root": null, "parent": null, "reply_to": null}}, {"model": "comment.comment", "pk": 40, "fields": {"content_type": 7, "object_id": 36, "text": "<p>111</p>", "comment_time": "2018-11-27T18:55:18.621", "user": 1, "root": null, "parent": null, "reply_to": null}}, {"model": "comment.comment", "pk": 41, "fields": {"content_type": 7, "object_id": 36, "text": "<p>222</p>", "comment_time": "2018-11-27T18:55:24.744", "user": 1, "root": 40, "parent": 40, "reply_to": 1}}, {"model": "comment.comment", "pk": 42, "fields": {"content_type": 7, "object_id": 36, "text": "<p>333</p>", "comment_time": "2018-11-27T19:28:05.245", "user": 1, "root": 40, "parent": 41, "reply_to": 1}}, {"model": "comment.comment", "pk": 43, "fields": {"content_type": 7, "object_id": 36, "text": "<p>123</p>", "comment_time": "2018-11-27T19:28:37.914", "user": 1, "root": 34, "parent": 33, "reply_to": 1}}, {"model": "comment.comment", "pk": 44, "fields": {"content_type": 7, "object_id": 36, "text": "<p>444</p>", "comment_time": "2018-11-27T19:29:13.274", "user": 1, "root": 40, "parent": 40, "reply_to": 1}}, {"model": "comment.comment", "pk": 45, "fields": {"content_type": 7, "object_id": 36, "text": "<p>111</p>", "comment_time": "2018-11-27T19:31:17.566", "user": 1, "root": null, "parent": null, "reply_to": null}}, {"model": "comment.comment", "pk": 46, "fields": {"content_type": 7, "object_id": 36, "text": "<p>222</p>", "comment_time": "2018-11-27T19:31:23.016", "user": 1, "root": 45, "parent": 45, "reply_to": 1}}, {"model": "comment.comment", "pk": 47, "fields": {"content_type": 7, "object_id": 36, "text": "<p>333</p>", "comment_time": "2018-11-27T19:31:28.411", "user": 1, "root": 45, "parent": 46, "reply_to": 1}}, {"model": "comment.comment", "pk": 48, "fields": {"content_type": 7, "object_id": 36, "text": "<p>444</p>", "comment_time": "2018-11-27T19:31:35.467", "user": 1, "root": 45, "parent": 45, "reply_to": 1}}, {"model": "comment.comment", "pk": 49, "fields": {"content_type": 7, "object_id": 36, "text": "<p>555</p>", "comment_time": "2018-11-27T19:31:39.861", "user": 1, "root": 45, "parent": 48, "reply_to": 1}}, {"model": "comment.comment", "pk": 50, "fields": {"content_type": 7, "object_id": 35, "text": "<p>111</p>", "comment_time": "2018-11-27T19:32:33.213", "user": 1, "root": 7, "parent": 7, "reply_to": 1}}, {"model": "comment.comment", "pk": 51, "fields": {"content_type": 7, "object_id": 35, "text": "<p>222</p>", "comment_time": "2018-11-27T19:32:46.134", "user": 1, "root": 7, "parent": 7, "reply_to": 1}}, {"model": "comment.comment", "pk": 52, "fields": {"content_type": 7, "object_id": 34, "text": "<p>123</p>", "comment_time": "2018-11-27T19:35:03.697", "user": 1, "root": null, "parent": null, "reply_to": null}}, {"model": "comment.comment", "pk": 53, "fields": {"content_type": 7, "object_id": 34, "text": "<p>321</p>", "comment_time": "2018-11-27T19:35:10.343", "user": 1, "root": 52, "parent": 52, "reply_to": 1}}, {"model": "comment.comment", "pk": 54, "fields": {"content_type": 7, "object_id": 34, "text": "<p>111</p>", "comment_time": "2018-11-27T19:35:19.330", "user": 1, "root": 52, "parent": 53, "reply_to": 1}}, {"model": "comment.comment", "pk": 55, "fields": {"content_type": 7, "object_id": 34, "text": "<p>123</p>", "comment_time": "2018-11-27T19:36:33.261", "user": 1, "root": null, "parent": null, "reply_to": null}}, {"model": "comment.comment", "pk": 56, "fields": {"content_type": 7, "object_id": 34, "text": "<p>111</p>", "comment_time": "2018-11-27T19:36:37.092", "user": 1, "root": 55, "parent": 55, "reply_to": 1}}, {"model": "comment.comment", "pk": 57, "fields": {"content_type": 7, "object_id": 34, "text": "<p>222</p>", "comment_time": "2018-11-27T19:36:40.686", "user": 1, "root": 55, "parent": 56, "reply_to": 1}}, {"model": "comment.comment", "pk": 58, "fields": {"content_type": 7, "object_id": 34, "text": "<p>333</p>", "comment_time": "2018-11-27T19:36:44.662", "user": 1, "root": null, "parent": null, "reply_to": null}}, {"model": "comment.comment", "pk": 59, "fields": {"content_type": 7, "object_id": 34, "text": "<p>213</p>", "comment_time": "2018-11-27T19:36:49.084", "user": 1, "root": 55, "parent": 56, "reply_to": 1}}, {"model": "comment.comment", "pk": 60, "fields": {"content_type": 7, "object_id": 33, "text": "<p>123</p>", "comment_time": "2018-11-27T19:38:46.590", "user": 1, "root": null, "parent": null, "reply_to": null}}, {"model": "comment.comment", "pk": 61, "fields": {"content_type": 7, "object_id": 33, "text": "<p>321</p>", "comment_time": "2018-11-27T19:39:08.613", "user": 1, "root": null, "parent": null, "reply_to": null}}, {"model": "comment.comment", "pk": 62, "fields": {"content_type": 7, "object_id": 33, "text": "<p>321</p>", "comment_time": "2018-11-27T19:39:11.909", "user": 1, "root": null, "parent": null, "reply_to": null}}, {"model": "comment.comment", "pk": 63, "fields": {"content_type": 7, "object_id": 33, "text": "<p>2123121312</p>", "comment_time": "2018-11-27T19:39:13.708", "user": 1, "root": null, "parent": null, "reply_to": null}}, {"model": "comment.comment", "pk": 64, "fields": {"content_type": 7, "object_id": 33, "text": "<p>3124324</p>", "comment_time": "2018-11-27T19:39:16.190", "user": 1, "root": null, "parent": null, "reply_to": null}}, {"model": "comment.comment", "pk": 65, "fields": {"content_type": 7, "object_id": 33, "text": "<p>3124</p>", "comment_time": "2018-11-27T19:39:18.805", "user": 1, "root": 64, "parent": 64, "reply_to": 1}}, {"model": "comment.comment", "pk": 66, "fields": {"content_type": 7, "object_id": 33, "text": "<p>4234525</p>", "comment_time": "2018-11-27T19:39:21.201", "user": 1, "root": 64, "parent": 65, "reply_to": 1}}, {"model": "comment.comment", "pk": 67, "fields": {"content_type": 7, "object_id": 36, "text": "<p>1</p>", "comment_time": "2018-11-27T19:41:36.317", "user": 1, "root": null, "parent": null, "reply_to": null}}, {"model": "comment.comment", "pk": 68, "fields": {"content_type": 7, "object_id": 36, "text": "<p>2</p>", "comment_time": "2018-11-27T19:41:39.639", "user": 1, "root": 67, "parent": 67, "reply_to": 1}}, {"model": "comment.comment", "pk": 69, "fields": {"content_type": 7, "object_id": 36, "text": "<p>3</p>", "comment_time": "2018-11-27T19:41:42.143", "user": 1, "root": 67, "parent": 68, "reply_to": 1}}, {"model": "comment.comment", "pk": 70, "fields": {"content_type": 7, "object_id": 36, "text": "<p>333</p>", "comment_time": "2018-11-27T19:41:47.505", "user": 1, "root": null, "parent": null, "reply_to": null}}, {"model": "comment.comment", "pk": 71, "fields": {"content_type": 7, "object_id": 34, "text": "<p>\u68d2\u554a\uff01</p>", "comment_time": "2018-11-30T18:54:42.680", "user": 1, "root": null, "parent": null, "reply_to": null}}, {"model": "comment.comment", "pk": 72, "fields": {"content_type": 7, "object_id": 34, "text": "<p>\u55ef\u55ef</p>", "comment_time": "2018-11-30T18:54:50.959", "user": 1, "root": 71, "parent": 71, "reply_to": 1}}, {"model": "comment.comment", "pk": 73, "fields": {"content_type": 7, "object_id": 34, "text": "<p>\u53ef\u4ee5</p>", "comment_time": "2018-11-30T18:54:57.953", "user": 1, "root": 71, "parent": 71, "reply_to": 1}}, {"model": "comment.comment", "pk": 74, "fields": {"content_type": 7, "object_id": 34, "text": "<p>\u54c8\u54c8</p>", "comment_time": "2018-11-30T18:55:04.288", "user": 1, "root": null, "parent": null, "reply_to": null}}, {"model": "comment.comment", "pk": 75, "fields": {"content_type": 7, "object_id": 17, "text": "<p>123</p>", "comment_time": "2018-11-30T19:39:50.252", "user": 1, "root": null, "parent": null, "reply_to": null}}, {"model": "comment.comment", "pk": 76, "fields": {"content_type": 7, "object_id": 36, "text": "<p>666</p>", "comment_time": "2018-12-01T17:26:09.054", "user": 1, "root": null, "parent": null, "reply_to": null}}, {"model": "comment.comment", "pk": 77, "fields": {"content_type": 7, "object_id": 36, "text": "<p>888</p>", "comment_time": "2018-12-01T17:26:16.100", "user": 1, "root": 76, "parent": 76, "reply_to": 1}}, {"model": "comment.comment", "pk": 78, "fields": {"content_type": 7, "object_id": 36, "text": "<p>999</p>", "comment_time": "2018-12-01T17:26:26.000", "user": 1, "root": null, "parent": null, "reply_to": null}}, {"model": "comment.comment", "pk": 79, "fields": {"content_type": 7, "object_id": 36, "text": "<p>666</p>", "comment_time": "2018-12-01T17:26:32.832", "user": 1, "root": 78, "parent": 78, "reply_to": 1}}, {"model": "comment.comment", "pk": 80, "fields": {"content_type": 7, "object_id": 36, "text": "<p>haha</p>", "comment_time": "2018-12-01T20:22:43.350", "user": 1, "root": null, "parent": null, "reply_to": null}}, {"model": "comment.comment", "pk": 81, "fields": {"content_type": 7, "object_id": 36, "text": "<p>haha</p>", "comment_time": "2018-12-01T20:22:46.884", "user": 1, "root": null, "parent": null, "reply_to": null}}, {"model": "comment.comment", "pk": 82, "fields": {"content_type": 7, "object_id": 36, "text": "<p>haha</p>", "comment_time": "2018-12-01T20:22:58.811", "user": 1, "root": null, "parent": null, "reply_to": null}}, {"model": "comment.comment", "pk": 83, "fields": {"content_type": 7, "object_id": 36, "text": "<p>haha</p>", "comment_time": "2018-12-01T20:23:00.456", "user": 1, "root": null, "parent": null, "reply_to": null}}, {"model": "comment.comment", "pk": 84, "fields": {"content_type": 7, "object_id": 36, "text": "<p>haha</p>", "comment_time": "2018-12-01T20:23:00.610", "user": 1, "root": null, "parent": null, "reply_to": null}}, {"model": "comment.comment", "pk": 85, "fields": {"content_type": 7, "object_id": 36, "text": "<p>haha</p>", "comment_time": "2018-12-01T20:23:00.732", "user": 1, "root": null, "parent": null, "reply_to": null}}, {"model": "comment.comment", "pk": 86, "fields": {"content_type": 7, "object_id": 35, "text": "<p>123</p>", "comment_time": "2018-12-01T20:23:50.029", "user": 1, "root": null, "parent": null, "reply_to": null}}, {"model": "comment.comment", "pk": 87, "fields": {"content_type": 7, "object_id": 35, "text": "<p>32122</p>", "comment_time": "2018-12-01T20:23:58.909", "user": 1, "root": 86, "parent": 86, "reply_to": 1}}, {"model": "comment.comment", "pk": 88, "fields": {"content_type": 7, "object_id": 35, "text": "<p>21</p>", "comment_time": "2018-12-01T20:24:42.929", "user": 1, "root": null, "parent": null, "reply_to": null}}, {"model": "comment.comment", "pk": 89, "fields": {"content_type": 7, "object_id": 35, "text": "<p>1</p>", "comment_time": "2018-12-01T20:25:02.155", "user": 1, "root": null, "parent": null, "reply_to": null}}, {"model": "comment.comment", "pk": 90, "fields": {"content_type": 7, "object_id": 35, "text": "<p>2</p>", "comment_time": "2018-12-01T20:26:30.840", "user": 1, "root": null, "parent": null, "reply_to": null}}, {"model": "comment.comment", "pk": 91, "fields": {"content_type": 7, "object_id": 32, "text": "<p>123</p>", "comment_time": "2018-12-01T20:27:34.496", "user": 1, "root": null, "parent": null, "reply_to": null}}, {"model": "comment.comment", "pk": 92, "fields": {"content_type": 7, "object_id": 36, "text": "<p>5566</p>", "comment_time": "2018-12-01T20:28:37.665", "user": 1, "root": null, "parent": null, "reply_to": null}}, {"model": "comment.comment", "pk": 93, "fields": {"content_type": 7, "object_id": 36, "text": "<p>123</p>", "comment_time": "2018-12-01T20:28:58.678", "user": 1, "root": 92, "parent": 92, "reply_to": 1}}, {"model": "comment.comment", "pk": 94, "fields": {"content_type": 7, "object_id": 36, "text": "<p>321</p>", "comment_time": "2018-12-01T20:29:07.755", "user": 1, "root": 92, "parent": 92, "reply_to": 1}}, {"model": "comment.comment", "pk": 95, "fields": {"content_type": 7, "object_id": 36, "text": "<p>q</p>", "comment_time": "2018-12-01T20:29:50.496", "user": 1, "root": 92, "parent": 92, "reply_to": 1}}, {"model": "comment.comment", "pk": 96, "fields": {"content_type": 7, "object_id": 36, "text": "<p>123</p>", "comment_time": "2018-12-01T20:30:21.725", "user": 1, "root": null, "parent": null, "reply_to": null}}, {"model": "comment.comment", "pk": 97, "fields": {"content_type": 7, "object_id": 36, "text": "<p>321</p>", "comment_time": "2018-12-01T20:30:26.038", "user": 1, "root": 96, "parent": 96, "reply_to": 1}}, {"model": "comment.comment", "pk": 98, "fields": {"content_type": 7, "object_id": 36, "text": "<p>123</p>", "comment_time": "2018-12-01T20:30:33.337", "user": 1, "root": 96, "parent": 96, "reply_to": 1}}, {"model": "comment.comment", "pk": 99, "fields": {"content_type": 7, "object_id": 36, "text": "<p>123</p>", "comment_time": "2018-12-01T20:31:11.904", "user": 1, "root": null, "parent": null, "reply_to": null}}, {"model": "comment.comment", "pk": 100, "fields": {"content_type": 7, "object_id": 36, "text": "<p>321</p>", "comment_time": "2018-12-01T20:31:15.705", "user": 1, "root": null, "parent": null, "reply_to": null}}, {"model": "comment.comment", "pk": 101, "fields": {"content_type": 7, "object_id": 36, "text": "<p>111</p>", "comment_time": "2018-12-01T20:31:17.958", "user": 1, "root": null, "parent": null, "reply_to": null}}, {"model": "comment.comment", "pk": 102, "fields": {"content_type": 7, "object_id": 36, "text": "<p>222</p>", "comment_time": "2018-12-01T20:31:20.639", "user": 1, "root": 101, "parent": 101, "reply_to": 1}}, {"model": "comment.comment", "pk": 103, "fields": {"content_type": 7, "object_id": 36, "text": "<p>333</p>", "comment_time": "2018-12-01T20:31:25.516", "user": 1, "root": 101, "parent": 102, "reply_to": 1}}, {"model": "comment.comment", "pk": 104, "fields": {"content_type": 7, "object_id": 36, "text": "<p>444</p>", "comment_time": "2018-12-01T20:31:33.541", "user": 1, "root": 101, "parent": 103, "reply_to": 1}}, {"model": "comment.comment", "pk": 105, "fields": {"content_type": 7, "object_id": 36, "text": "<p>222</p>", "comment_time": "2018-12-01T20:31:41.535", "user": 1, "root": 101, "parent": 101, "reply_to": 1}}, {"model": "comment.comment", "pk": 106, "fields": {"content_type": 7, "object_id": 32, "text": "<p>123</p>", "comment_time": "2018-12-01T20:32:26.182", "user": 1, "root": 91, "parent": 91, "reply_to": 1}}, {"model": "comment.comment", "pk": 107, "fields": {"content_type": 7, "object_id": 31, "text": "<p>1</p>", "comment_time": "2018-12-01T20:34:05.410", "user": 1, "root": null, "parent": null, "reply_to": null}}, {"model": "comment.comment", "pk": 108, "fields": {"content_type": 7, "object_id": 31, "text": "<p>2</p>", "comment_time": "2018-12-01T20:34:24.686", "user": 1, "root": 107, "parent": 107, "reply_to": 1}}, {"model": "comment.comment", "pk": 109, "fields": {"content_type": 7, "object_id": 31, "text": "<p>3</p>", "comment_time": "2018-12-01T20:34:35.082", "user": 1, "root": 107, "parent": 108, "reply_to": 1}}, {"model": "comment.comment", "pk": 110, "fields": {"content_type": 7, "object_id": 31, "text": "<p>4</p>", "comment_time": "2018-12-01T20:34:48.844", "user": 1, "root": 107, "parent": 109, "reply_to": 1}}, {"model": "comment.comment", "pk": 111, "fields": {"content_type": 7, "object_id": 31, "text": "<p>5</p>", "comment_time": "2018-12-01T20:34:54.816", "user": 1, "root": 107, "parent": 110, "reply_to": 1}}, {"model": "comment.comment", "pk": 112, "fields": {"content_type": 7, "object_id": 36, "text": "<p>222</p>", "comment_time": "2018-12-01T20:35:08.547", "user": 1, "root": null, "parent": null, "reply_to": null}}, {"model": "comment.comment", "pk": 113, "fields": {"content_type": 7, "object_id": 36, "text": "<p>333</p>", "comment_time": "2018-12-01T20:35:11.705", "user": 1, "root": null, "parent": null, "reply_to": null}}, {"model": "comment.comment", "pk": 114, "fields": {"content_type": 7, "object_id": 36, "text": "<p>444</p>", "comment_time": "2018-12-01T20:35:15.431", "user": 1, "root": 113, "parent": 113, "reply_to": 1}}, {"model": "comment.comment", "pk": 115, "fields": {"content_type": 7, "object_id": 36, "text": "<p>444</p>", "comment_time": "2018-12-01T20:35:19.260", "user": 1, "root": 113, "parent": 114, "reply_to": 1}}, {"model": "comment.comment", "pk": 116, "fields": {"content_type": 7, "object_id": 36, "text": "<p>555</p>", "comment_time": "2018-12-01T20:35:22.863", "user": 1, "root": 113, "parent": 115, "reply_to": 1}}, {"model": "comment.comment", "pk": 117, "fields": {"content_type": 7, "object_id": 36, "text": "<p>444</p>", "comment_time": "2018-12-01T20:38:48.377", "user": 1, "root": 113, "parent": 113, "reply_to": 1}}, {"model": "comment.comment", "pk": 118, "fields": {"content_type": 7, "object_id": 36, "text": "<p>1122</p>", "comment_time": "2018-12-01T20:40:13.181", "user": 1, "root": null, "parent": null, "reply_to": null}}, {"model": "comment.comment", "pk": 119, "fields": {"content_type": 7, "object_id": 36, "text": "<p>1122</p>", "comment_time": "2018-12-01T20:40:18.872", "user": 1, "root": null, "parent": null, "reply_to": null}}, {"model": "comment.comment", "pk": 120, "fields": {"content_type": 7, "object_id": 36, "text": "<p>2211</p>", "comment_time": "2018-12-01T20:41:14.331", "user": 1, "root": null, "parent": null, "reply_to": null}}, {"model": "comment.comment", "pk": 121, "fields": {"content_type": 7, "object_id": 36, "text": "<p>2121</p>", "comment_time": "2018-12-01T20:41:21.168", "user": 1, "root": 120, "parent": 120, "reply_to": 1}}, {"model": "comment.comment", "pk": 126, "fields": {"content_type": 7, "object_id": 36, "text": "<p>1<sup>333</sup>5<sub>555</sub></p>", "comment_time": "2018-12-01T20:57:33.035", "user": 1, "root": null, "parent": null, "reply_to": null}}, {"model": "comment.comment", "pk": 127, "fields": {"content_type": 7, "object_id": 36, "text": "<p>er</p>", "comment_time": "2018-12-03T20:36:25.573", "user": 2, "root": 126, "parent": 126, "reply_to": 1}}, {"model": "comment.comment", "pk": 128, "fields": {"content_type": 7, "object_id": 36, "text": "<p>ee</p>", "comment_time": "2018-12-03T20:36:36.956", "user": 2, "root": 126, "parent": 126, "reply_to": 1}}, {"model": "comment.comment", "pk": 129, "fields": {"content_type": 7, "object_id": 4, "text": "<p>123</p>", "comment_time": "2018-12-04T16:13:17.515", "user": 2, "root": null, "parent": null, "reply_to": null}}, {"model": "comment.comment", "pk": 130, "fields": {"content_type": 7, "object_id": 4, "text": "<p>321</p>", "comment_time": "2018-12-04T16:13:28.926", "user": 2, "root": 129, "parent": 129, "reply_to": 2}}, {"model": "comment.comment", "pk": 131, "fields": {"content_type": 7, "object_id": 36, "text": "<p>123</p>", "comment_time": "2018-12-05T17:01:58.740", "user": 2, "root": null, "parent": null, "reply_to": null}}, {"model": "comment.comment", "pk": 132, "fields": {"content_type": 7, "object_id": 36, "text": "<p>321</p>", "comment_time": "2018-12-05T17:02:08.954", "user": 2, "root": null, "parent": null, "reply_to": null}}, {"model": "comment.comment", "pk": 133, "fields": {"content_type": 7, "object_id": 36, "text": "<p>123</p>", "comment_time": "2018-12-05T17:02:13.652", "user": 2, "root": 132, "parent": 132, "reply_to": 2}}, {"model": "comment.comment", "pk": 134, "fields": {"content_type": 7, "object_id": 18, "text": "<p>111</p>", "comment_time": "2018-12-08T19:43:24.296", "user": 2, "root": null, "parent": null, "reply_to": null}}, {"model": "comment.comment", "pk": 135, "fields": {"content_type": 7, "object_id": 18, "text": "<p>111</p>", "comment_time": "2018-12-08T19:43:26.415", "user": 2, "root": null, "parent": null, "reply_to": null}}, {"model": "comment.comment", "pk": 136, "fields": {"content_type": 7, "object_id": 18, "text": "<p>111</p>", "comment_time": "2018-12-08T19:43:32.750", "user": 2, "root": null, "parent": null, "reply_to": null}}, {"model": "comment.comment", "pk": 137, "fields": {"content_type": 7, "object_id": 18, "text": "<p>222</p>", "comment_time": "2018-12-08T19:43:42.742", "user": 2, "root": 136, "parent": 136, "reply_to": 2}}, {"model": "comment.comment", "pk": 138, "fields": {"content_type": 7, "object_id": 29, "text": "<p>1</p>", "comment_time": "2018-12-08T19:44:41.897", "user": 2, "root": null, "parent": null, "reply_to": null}}, {"model": "comment.comment", "pk": 139, "fields": {"content_type": 7, "object_id": 29, "text": "<p>2</p>", "comment_time": "2018-12-08T19:45:44.645", "user": 2, "root": null, "parent": null, "reply_to": null}}, {"model": "comment.comment", "pk": 140, "fields": {"content_type": 7, "object_id": 28, "text": "<p>123</p>", "comment_time": "2018-12-08T19:49:39.916", "user": 2, "root": null, "parent": null, "reply_to": null}}, {"model": "comment.comment", "pk": 141, "fields": {"content_type": 7, "object_id": 28, "text": "<p>111</p>", "comment_time": "2018-12-08T19:51:05.457", "user": 2, "root": null, "parent": null, "reply_to": null}}, {"model": "comment.comment", "pk": 142, "fields": {"content_type": 7, "object_id": 28, "text": "<p>222</p>", "comment_time": "2018-12-08T19:51:13.256", "user": 2, "root": 141, "parent": 141, "reply_to": 2}}, {"model": "comment.comment", "pk": 143, "fields": {"content_type": 7, "object_id": 28, "text": "<p>666</p>", "comment_time": "2018-12-08T19:52:25.438", "user": 2, "root": null, "parent": null, "reply_to": null}}, {"model": "comment.comment", "pk": 144, "fields": {"content_type": 7, "object_id": 28, "text": "<p>555</p>", "comment_time": "2018-12-08T19:53:14.188", "user": 2, "root": null, "parent": null, "reply_to": null}}, {"model": "comment.comment", "pk": 145, "fields": {"content_type": 7, "object_id": 28, "text": "<p>666</p>", "comment_time": "2018-12-08T19:53:23.561", "user": 2, "root": 144, "parent": 144, "reply_to": 2}}, {"model": "comment.comment", "pk": 146, "fields": {"content_type": 7, "object_id": 28, "text": "<p>6666</p>", "comment_time": "2018-12-08T19:54:39.583", "user": 2, "root": null, "parent": null, "reply_to": null}}, {"model": "comment.comment", "pk": 147, "fields": {"content_type": 7, "object_id": 28, "text": "<p>7777777</p>", "comment_time": "2018-12-08T19:54:45.613", "user": 2, "root": 146, "parent": 146, "reply_to": 2}}, {"model": "comment.comment", "pk": 148, "fields": {"content_type": 7, "object_id": 28, "text": "<p>2421342353453</p>", "comment_time": "2018-12-08T19:54:49.126", "user": 2, "root": null, "parent": null, "reply_to": null}}, {"model": "comment.comment", "pk": 149, "fields": {"content_type": 7, "object_id": 28, "text": "<p>3453512</p>", "comment_time": "2018-12-08T19:54:51.001", "user": 2, "root": null, "parent": null, "reply_to": null}}, {"model": "comment.comment", "pk": 150, "fields": {"content_type": 7, "object_id": 28, "text": "<p>412341325</p>", "comment_time": "2018-12-08T19:54:57.004", "user": 2, "root": 149, "parent": 149, "reply_to": 2}}, {"model": "comment.comment", "pk": 151, "fields": {"content_type": 7, "object_id": 28, "text": "<p>3454325</p>", "comment_time": "2018-12-08T19:55:00.503", "user": 2, "root": 149, "parent": 150, "reply_to": 2}}, {"model": "comment.comment", "pk": 152, "fields": {"content_type": 7, "object_id": 28, "text": "<p>32453245</p>", "comment_time": "2018-12-08T19:55:05.582", "user": 2, "root": 149, "parent": 149, "reply_to": 2}}, {"model": "comment.comment", "pk": 153, "fields": {"content_type": 7, "object_id": 36, "text": "<p>re</p>", "comment_time": "2018-12-10T18:22:08.092", "user": 2, "root": 126, "parent": 127, "reply_to": 2}}, {"model": "comment.comment", "pk": 154, "fields": {"content_type": 7, "object_id": 36, "text": "<p>22</p>", "comment_time": "2018-12-10T18:22:27.512", "user": 2, "root": 126, "parent": 126, "reply_to": 1}}, {"model": "comment.comment", "pk": 155, "fields": {"content_type": 7, "object_id": 29, "text": "<p>3</p>", "comment_time": "2018-12-10T18:22:50.315", "user": 2, "root": null, "parent": null, "reply_to": null}}, {"model": "comment.comment", "pk": 156, "fields": {"content_type": 7, "object_id": 29, "text": "<p>4</p>", "comment_time": "2018-12-10T18:22:54.694", "user": 2, "root": null, "parent": null, "reply_to": null}}, {"model": "comment.comment", "pk": 157, "fields": {"content_type": 7, "object_id": 29, "text": "<p>5</p>", "comment_time": "2018-12-10T18:22:56.999", "user": 2, "root": null, "parent": null, "reply_to": null}}, {"model": "comment.comment", "pk": 158, "fields": {"content_type": 7, "object_id": 29, "text": "<p>6</p>", "comment_time": "2018-12-10T18:22:58.967", "user": 2, "root": null, "parent": null, "reply_to": null}}, {"model": "comment.comment", "pk": 159, "fields": {"content_type": 7, "object_id": 35, "text": "<p>\u597d\u7684</p>", "comment_time": "2019-05-20T17:16:10.534", "user": 1, "root": null, "parent": null, "reply_to": null}}, {"model": "comment.comment", "pk": 160, "fields": {"content_type": 7, "object_id": 33, "text": "<p>\u53ef\u4ee5</p>", "comment_time": "2019-05-20T17:16:40.702", "user": 1, "root": null, "parent": null, "reply_to": null}}, {"model": "comment.comment", "pk": 161, "fields": {"content_type": 7, "object_id": 35, "text": "<p>\u7684\u7b2c\u4e09\u65b9\u516c\u53f8\u53d1\u7684</p>", "comment_time": "2019-05-20T17:17:04.657", "user": 1, "root": null, "parent": null, "reply_to": null}}, {"model": "comment.comment", "pk": 162, "fields": {"content_type": 7, "object_id": 35, "text": "<p>\u623f\u4e1c\u662f\u4e2a\u5f53\u65f6\u6cd5\u56fd</p>", "comment_time": "2019-05-20T17:17:10.832", "user": 1, "root": null, "parent": null, "reply_to": null}}, {"model": "comment.comment", "pk": 163, "fields": {"content_type": 7, "object_id": 4, "text": "<p>121212121</p>", "comment_time": "2019-05-20T17:17:31.008", "user": 1, "root": null, "parent": null, "reply_to": null}}, {"model": "comment.comment", "pk": 164, "fields": {"content_type": 7, "object_id": 4, "text": "<p>13124134</p>", "comment_time": "2019-05-20T17:17:37.824", "user": 1, "root": 163, "parent": 163, "reply_to": 1}}, {"model": "comment.comment", "pk": 165, "fields": {"content_type": 7, "object_id": 36, "text": "<p><img alt=\"devil\" height=\"23\" src=\"http://127.0.0.1:8000/static/ckeditor/ckeditor/plugins/smiley/images/devil_smile.png\" title=\"devil\" width=\"23\" /></p>", "comment_time": "2019-05-20T19:50:45.399", "user": 4, "root": null, "parent": null, "reply_to": null}}, {"model": "comment.comment", "pk": 166, "fields": {"content_type": 7, "object_id": 36, "text": "<p><img alt=\"devil\" height=\"23\" src=\"http://127.0.0.1:8000/static/ckeditor/ckeditor/plugins/smiley/images/devil_smile.png\" title=\"devil\" width=\"23\" /></p>", "comment_time": "2019-05-20T19:50:46.476", "user": 4, "root": null, "parent": null, "reply_to": null}}, {"model": "comment.comment", "pk": 167, "fields": {"content_type": 7, "object_id": 36, "text": "<p><img alt=\"devil\" height=\"23\" src=\"http://127.0.0.1:8000/static/ckeditor/ckeditor/plugins/smiley/images/devil_smile.png\" title=\"devil\" width=\"23\" /></p>", "comment_time": "2019-05-20T19:50:48.101", "user": 4, "root": null, "parent": null, "reply_to": null}}, {"model": "comment.comment", "pk": 168, "fields": {"content_type": 7, "object_id": 36, "text": "<p><img alt=\"devil\" height=\"23\" src=\"http://127.0.0.1:8000/static/ckeditor/ckeditor/plugins/smiley/images/devil_smile.png\" title=\"devil\" width=\"23\" /></p>", "comment_time": "2019-05-20T19:50:48.794", "user": 4, "root": null, "parent": null, "reply_to": null}}, {"model": "comment.comment", "pk": 169, "fields": {"content_type": 7, "object_id": 36, "text": "<p><img alt=\"devil\" height=\"23\" src=\"http://127.0.0.1:8000/static/ckeditor/ckeditor/plugins/smiley/images/devil_smile.png\" title=\"devil\" width=\"23\" /></p>", "comment_time": "2019-05-20T19:50:49.327", "user": 4, "root": null, "parent": null, "reply_to": null}}, {"model": "comment.comment", "pk": 170, "fields": {"content_type": 7, "object_id": 36, "text": "<p><img alt=\"devil\" height=\"23\" src=\"http://127.0.0.1:8000/static/ckeditor/ckeditor/plugins/smiley/images/devil_smile.png\" title=\"devil\" width=\"23\" /></p>", "comment_time": "2019-05-20T19:50:49.658", "user": 4, "root": null, "parent": null, "reply_to": null}}, {"model": "comment.comment", "pk": 171, "fields": {"content_type": 7, "object_id": 36, "text": "<p><img alt=\"devil\" height=\"23\" src=\"http://127.0.0.1:8000/static/ckeditor/ckeditor/plugins/smiley/images/devil_smile.png\" title=\"devil\" width=\"23\" /></p>", "comment_time": "2019-05-20T19:50:51.418", "user": 4, "root": null, "parent": null, "reply_to": null}}, {"model": "comment.comment", "pk": 172, "fields": {"content_type": 7, "object_id": 36, "text": "<p><img alt=\"devil\" height=\"23\" src=\"http://127.0.0.1:8000/static/ckeditor/ckeditor/plugins/smiley/images/devil_smile.png\" title=\"devil\" width=\"23\" /></p>", "comment_time": "2019-05-20T19:50:51.943", "user": 4, "root": null, "parent": null, "reply_to": null}}, {"model": "comment.comment", "pk": 173, "fields": {"content_type": 7, "object_id": 36, "text": "<p><img alt=\"devil\" height=\"23\" src=\"http://127.0.0.1:8000/static/ckeditor/ckeditor/plugins/smiley/images/devil_smile.png\" title=\"devil\" width=\"23\" /></p>", "comment_time": "2019-05-20T19:50:52.264", "user": 4, "root": null, "parent": null, "reply_to": null}}, {"model": "comment.comment", "pk": 174, "fields": {"content_type": 7, "object_id": 36, "text": "<p><img alt=\"kiss\" height=\"23\" src=\"http://127.0.0.1:8000/static/ckeditor/ckeditor/plugins/smiley/images/kiss.png\" title=\"kiss\" width=\"23\" /></p>", "comment_time": "2019-05-20T19:51:02.458", "user": 4, "root": null, "parent": null, "reply_to": null}}, {"model": "comment.comment", "pk": 175, "fields": {"content_type": 7, "object_id": 36, "text": "<p><img alt=\"blush\" height=\"23\" src=\"http://127.0.0.1:8000/static/ckeditor/ckeditor/plugins/smiley/images/embarrassed_smile.png\" title=\"blush\" width=\"23\" /></p>", "comment_time": "2019-05-20T19:51:12.727", "user": 4, "root": null, "parent": null, "reply_to": null}}, {"model": "comment.comment", "pk": 176, "fields": {"content_type": 7, "object_id": 36, "text": "<p><img alt=\"blush\" height=\"23\" src=\"http://127.0.0.1:8000/static/ckeditor/ckeditor/plugins/smiley/images/embarrassed_smile.png\" title=\"blush\" width=\"23\" /></p>", "comment_time": "2019-05-20T19:51:15.227", "user": 4, "root": null, "parent": null, "reply_to": null}}, {"model": "comment.comment", "pk": 177, "fields": {"content_type": 7, "object_id": 36, "text": "<p><img alt=\"blush\" height=\"23\" src=\"http://127.0.0.1:8000/static/ckeditor/ckeditor/plugins/smiley/images/embarrassed_smile.png\" title=\"blush\" width=\"23\" /></p>", "comment_time": "2019-05-20T19:51:16.349", "user": 4, "root": null, "parent": null, "reply_to": null}}, {"model": "comment.comment", "pk": 178, "fields": {"content_type": 7, "object_id": 36, "text": "<p>123</p>", "comment_time": "2019-05-20T19:51:36.836", "user": 4, "root": 126, "parent": 153, "reply_to": 2}}, {"model": "comment.comment", "pk": 179, "fields": {"content_type": 7, "object_id": 36, "text": "<p>123</p>", "comment_time": "2019-05-20T19:51:38.459", "user": 4, "root": 126, "parent": 153, "reply_to": 2}}, {"model": "comment.comment", "pk": 180, "fields": {"content_type": 7, "object_id": 36, "text": "<p>123</p>", "comment_time": "2019-05-20T19:51:39.265", "user": 4, "root": 126, "parent": 153, "reply_to": 2}}, {"model": "comment.comment", "pk": 181, "fields": {"content_type": 7, "object_id": 36, "text": "<p>123</p>", "comment_time": "2019-05-20T19:51:40.368", "user": 4, "root": 126, "parent": 153, "reply_to": 2}}, {"model": "comment.comment", "pk": 182, "fields": {"content_type": 7, "object_id": 36, "text": "<p>6666</p>", "comment_time": "2019-05-20T19:53:36.897", "user": 4, "root": 101, "parent": 102, "reply_to": 1}}, {"model": "comment.comment", "pk": 183, "fields": {"content_type": 7, "object_id": 36, "text": "<p><img alt=\"sad\" height=\"23\" src=\"http://127.0.0.1:8000/static/ckeditor/ckeditor/plugins/smiley/images/sad_smile.png\" title=\"sad\" width=\"23\" /></p>", "comment_time": "2019-05-20T19:54:04.409", "user": 4, "root": null, "parent": null, "reply_to": null}}, {"model": "comment.comment", "pk": 184, "fields": {"content_type": 7, "object_id": 36, "text": "<p>123321</p>", "comment_time": "2019-05-20T19:54:59.050", "user": 4, "root": null, "parent": null, "reply_to": null}}, {"model": "comment.comment", "pk": 185, "fields": {"content_type": 7, "object_id": 36, "text": "<p><img alt=\"wink\" height=\"23\" src=\"http://127.0.0.1:8000/static/ckeditor/ckeditor/plugins/smiley/images/wink_smile.png\" title=\"wink\" width=\"23\" /></p>", "comment_time": "2019-05-20T19:56:51.753", "user": 4, "root": null, "parent": null, "reply_to": null}}, {"model": "comment.comment", "pk": 186, "fields": {"content_type": 7, "object_id": 36, "text": "<p><img alt=\"blush\" height=\"23\" src=\"http://127.0.0.1:8000/static/ckeditor/ckeditor/plugins/smiley/images/embarrassed_smile.png\" title=\"blush\" width=\"23\" /><img alt=\"surprise\" height=\"23\" src=\"http://127.0.0.1:8000/static/ckeditor/ckeditor/plugins/smiley/images/omg_smile.png\" title=\"surprise\" width=\"23\" /></p>", "comment_time": "2019-05-20T19:56:57.346", "user": 4, "root": null, "parent": null, "reply_to": null}}, {"model": "comment.comment", "pk": 187, "fields": {"content_type": 7, "object_id": 36, "text": "<p><em>dsadasads</em></p>", "comment_time": "2019-05-20T19:57:04.234", "user": 4, "root": 186, "parent": 186, "reply_to": 4}}, {"model": "comment.comment", "pk": 188, "fields": {"content_type": 7, "object_id": 36, "text": "<p>\u6d4b\u8bd5\u8bc4\u8bba1</p>", "comment_time": "2019-05-20T22:04:52.294", "user": 7, "root": null, "parent": null, "reply_to": null}}, {"model": "comment.comment", "pk": 189, "fields": {"content_type": 7, "object_id": 36, "text": "<p><img alt=\"wink\" height=\"23\" src=\"http://127.0.0.1:8000/static/ckeditor/ckeditor/plugins/smiley/images/wink_smile.png\" title=\"wink\" width=\"23\" /></p>", "comment_time": "2019-05-20T22:23:13.959", "user": 4, "root": null, "parent": null, "reply_to": null}}, {"model": "likes.likerecord", "pk": 18, "fields": {"content_type": 12, "object_id": 129, "user": 2, "liked_time": "2018-12-04T16:13:22.625"}}, {"model": "likes.likerecord", "pk": 19, "fields": {"content_type": 7, "object_id": 35, "user": 2, "liked_time": "2018-12-07T19:27:51.702"}}, {"model": "likes.likerecord", "pk": 20, "fields": {"content_type": 12, "object_id": 90, "user": 2, "liked_time": "2018-12-07T19:27:53.752"}}, {"model": "likes.likerecord", "pk": 21, "fields": {"content_type": 12, "object_id": 89, "user": 2, "liked_time": "2018-12-07T19:27:54.662"}}, {"model": "likes.likerecord", "pk": 22, "fields": {"content_type": 12, "object_id": 88, "user": 2, "liked_time": "2018-12-07T19:27:56.034"}}, {"model": "likes.likerecord", "pk": 23, "fields": {"content_type": 12, "object_id": 86, "user": 2, "liked_time": "2018-12-07T19:27:56.770"}}, {"model": "likes.likerecord", "pk": 24, "fields": {"content_type": 12, "object_id": 136, "user": 2, "liked_time": "2018-12-08T19:43:37.844"}}, {"model": "likes.likerecord", "pk": 25, "fields": {"content_type": 12, "object_id": 142, "user": 2, "liked_time": "2018-12-08T19:51:16.507"}}, {"model": "likes.likerecord", "pk": 26, "fields": {"content_type": 12, "object_id": 141, "user": 2, "liked_time": "2018-12-08T19:51:17.363"}}, {"model": "likes.likerecord", "pk": 27, "fields": {"content_type": 12, "object_id": 144, "user": 2, "liked_time": "2018-12-08T19:53:19.541"}}, {"model": "likes.likerecord", "pk": 28, "fields": {"content_type": 12, "object_id": 149, "user": 2, "liked_time": "2018-12-08T19:54:53.094"}}, {"model": "likes.likerecord", "pk": 30, "fields": {"content_type": 12, "object_id": 103, "user": 1, "liked_time": "2018-12-09T11:59:11.619"}}, {"model": "likes.likerecord", "pk": 31, "fields": {"content_type": 12, "object_id": 132, "user": 2, "liked_time": "2018-12-10T18:21:30.501"}}, {"model": "likes.likerecord", "pk": 32, "fields": {"content_type": 7, "object_id": 36, "user": 1, "liked_time": "2019-05-20T12:30:25.304"}}, {"model": "likes.likerecord", "pk": 33, "fields": {"content_type": 12, "object_id": 90, "user": 1, "liked_time": "2019-05-20T17:15:56.739"}}, {"model": "likes.likerecord", "pk": 34, "fields": {"content_type": 12, "object_id": 89, "user": 1, "liked_time": "2019-05-20T17:16:01.918"}}, {"model": "likes.likerecord", "pk": 35, "fields": {"content_type": 12, "object_id": 64, "user": 1, "liked_time": "2019-05-20T17:16:31.315"}}, {"model": "likes.likerecord", "pk": 36, "fields": {"content_type": 12, "object_id": 163, "user": 1, "liked_time": "2019-05-20T17:17:33.622"}}, {"model": "likes.likerecord", "pk": 37, "fields": {"content_type": 12, "object_id": 132, "user": 4, "liked_time": "2019-05-20T19:31:01.554"}}, {"model": "likes.likerecord", "pk": 38, "fields": {"content_type": 12, "object_id": 133, "user": 4, "liked_time": "2019-05-20T19:31:03.504"}}, {"model": "likes.likerecord", "pk": 39, "fields": {"content_type": 7, "object_id": 35, "user": 4, "liked_time": "2019-05-20T19:31:07.339"}}, {"model": "likes.likerecord", "pk": 40, "fields": {"content_type": 12, "object_id": 4, "user": 4, "liked_time": "2019-05-20T19:50:29.047"}}, {"model": "likes.likerecord", "pk": 41, "fields": {"content_type": 12, "object_id": 153, "user": 4, "liked_time": "2019-05-20T19:51:32.250"}}, {"model": "likes.likerecord", "pk": 42, "fields": {"content_type": 12, "object_id": 186, "user": 4, "liked_time": "2019-05-20T19:56:59.317"}}, {"model": "likes.likerecord", "pk": 43, "fields": {"content_type": 12, "object_id": 188, "user": 7, "liked_time": "2019-05-20T22:04:55.681"}}, {"model": "likes.likerecord", "pk": 44, "fields": {"content_type": 12, "object_id": 189, "user": 4, "liked_time": "2019-05-20T22:23:16.315"}}, {"model": "user.profile", "pk": 1, "fields": {"user": 1, "nickname": "\u5c0f\u6c5f"}}, {"model": "user.profile", "pk": 2, "fields": {"user": 4, "nickname": "\u8fa3\u9e21\u9648"}}, {"model": "user.profile", "pk": 3, "fields": {"user": 5, "nickname": "\u5c0f\u6c5f"}}, {"model": "user.profile", "pk": 4, "fields": {"user": 7, "nickname": "emmm"}}, {"model": "admin.logentry", "pk": 1, "fields": {"action_time": "2018-11-11T11:59:47.688", "user": 1, "content_type": 8, "object_id": "1", "object_repr": "BlogType object (1)", "action_flag": 1, "change_message": "[{\"added\": {}}]"}}, {"model": "admin.logentry", "pk": 2, "fields": {"action_time": "2018-11-11T12:00:24.722", "user": 1, "content_type": 8, "object_id": "2", "object_repr": "BlogType object (2)", "action_flag": 1, "change_message": "[{\"added\": {}}]"}}, {"model": "admin.logentry", "pk": 3, "fields": {"action_time": "2018-11-11T12:00:28.745", "user": 1, "content_type": 8, "object_id": "3", "object_repr": "BlogType object (3)", "action_flag": 1, "change_message": "[{\"added\": {}}]"}}, {"model": "admin.logentry", "pk": 4, "fields": {"action_time": "2018-11-11T12:04:08.884", "user": 1, "content_type": 7, "object_id": "1", "object_repr": "Blog object (1)", "action_flag": 1, "change_message": "[{\"added\": {}}]"}}, {"model": "admin.logentry", "pk": 5, "fields": {"action_time": "2018-11-11T13:06:35.799", "user": 1, "content_type": 7, "object_id": "2", "object_repr": "Blog object (2)", "action_flag": 1, "change_message": "[{\"added\": {}}]"}}, {"model": "admin.logentry", "pk": 6, "fields": {"action_time": "2018-11-11T13:13:04.425", "user": 1, "content_type": 8, "object_id": "3", "object_repr": "\u611f\u609f", "action_flag": 3, "change_message": ""}}, {"model": "admin.logentry", "pk": 7, "fields": {"action_time": "2018-11-11T13:13:04.451", "user": 1, "content_type": 8, "object_id": "2", "object_repr": "\u968f\u7b14", "action_flag": 3, "change_message": ""}}, {"model": "admin.logentry", "pk": 8, "fields": {"action_time": "2018-11-11T13:13:04.468", "user": 1, "content_type": 8, "object_id": "1", "object_repr": "Django", "action_flag": 3, "change_message": ""}}, {"model": "admin.logentry", "pk": 9, "fields": {"action_time": "2018-11-11T13:13:24.574", "user": 1, "content_type": 7, "object_id": "2", "object_repr": "Blog object (2)", "action_flag": 3, "change_message": ""}}, {"model": "admin.logentry", "pk": 10, "fields": {"action_time": "2018-11-11T13:13:24.591", "user": 1, "content_type": 7, "object_id": "1", "object_repr": "Blog object (1)", "action_flag": 3, "change_message": ""}}, {"model": "admin.logentry", "pk": 11, "fields": {"action_time": "2018-11-11T13:14:43.350", "user": 1, "content_type": 7, "object_id": "3", "object_repr": "Blog object (3)", "action_flag": 1, "change_message": "[{\"added\": {}}]"}}, {"model": "admin.logentry", "pk": 12, "fields": {"action_time": "2018-11-11T21:44:04.308", "user": 1, "content_type": 7, "object_id": "4", "object_repr": "Blog object (4)", "action_flag": 1, "change_message": "[{\"added\": {}}]"}}, {"model": "admin.logentry", "pk": 13, "fields": {"action_time": "2018-11-11T21:44:16.692", "user": 1, "content_type": 7, "object_id": "5", "object_repr": "Blog object (5)", "action_flag": 1, "change_message": "[{\"added\": {}}]"}}, {"model": "admin.logentry", "pk": 14, "fields": {"action_time": "2018-11-16T23:42:10.540", "user": 1, "content_type": 7, "object_id": "37", "object_repr": "Blog object (37)", "action_flag": 1, "change_message": "[{\"added\": {}}]"}}, {"model": "admin.logentry", "pk": 15, "fields": {"action_time": "2018-11-17T20:33:37.077", "user": 1, "content_type": 7, "object_id": "37", "object_repr": "Blog object (37)", "action_flag": 2, "change_message": "[{\"changed\": {\"fields\": [\"title\", \"content\"]}}]"}}, {"model": "admin.logentry", "pk": 16, "fields": {"action_time": "2018-11-17T23:14:10.067", "user": 1, "content_type": 7, "object_id": "37", "object_repr": "Blog object (37)", "action_flag": 2, "change_message": "[{\"changed\": {\"fields\": [\"content\"]}}]"}}, {"model": "admin.logentry", "pk": 17, "fields": {"action_time": "2018-11-17T23:15:50.147", "user": 1, "content_type": 7, "object_id": "37", "object_repr": "Blog object (37)", "action_flag": 2, "change_message": "[{\"changed\": {\"fields\": [\"content\"]}}]"}}, {"model": "admin.logentry", "pk": 18, "fields": {"action_time": "2018-11-17T23:16:42.864", "user": 1, "content_type": 7, "object_id": "37", "object_repr": "Blog object (37)", "action_flag": 2, "change_message": "[{\"changed\": {\"fields\": [\"content\"]}}]"}}, {"model": "admin.logentry", "pk": 19, "fields": {"action_time": "2018-11-17T23:18:04.432", "user": 1, "content_type": 7, "object_id": "37", "object_repr": "Blog object (37)", "action_flag": 2, "change_message": "[]"}}, {"model": "admin.logentry", "pk": 20, "fields": {"action_time": "2018-11-17T23:21:53.310", "user": 1, "content_type": 7, "object_id": "37", "object_repr": "Blog object (37)", "action_flag": 2, "change_message": "[{\"changed\": {\"fields\": [\"content\"]}}]"}}, {"model": "admin.logentry", "pk": 21, "fields": {"action_time": "2018-11-17T23:23:57.242", "user": 1, "content_type": 7, "object_id": "37", "object_repr": "Blog object (37)", "action_flag": 2, "change_message": "[{\"changed\": {\"fields\": [\"content\"]}}]"}}, {"model": "admin.logentry", "pk": 22, "fields": {"action_time": "2018-11-20T20:37:52.040", "user": 1, "content_type": 9, "object_id": "1", "object_repr": "ReadNum object (1)", "action_flag": 1, "change_message": "[{\"added\": {}}]"}}, {"model": "admin.logentry", "pk": 23, "fields": {"action_time": "2018-11-20T21:22:31.643", "user": 1, "content_type": 10, "object_id": "1", "object_repr": "ReadNum object (1)", "action_flag": 1, "change_message": "[{\"added\": {}}]"}}, {"model": "admin.logentry", "pk": 24, "fields": {"action_time": "2018-11-20T21:43:13.497", "user": 1, "content_type": 7, "object_id": "37", "object_repr": "<Blog: \u7ebf\u6027\u56de\u5f52\u6570\u503c\u578b\u9884\u6d4b\u5b9e\u9a8c\u62a5\u544a>", "action_flag": 2, "change_message": "[{\"changed\": {\"fields\": [\"content\"]}}]"}}, {"model": "admin.logentry", "pk": 25, "fields": {"action_time": "2018-11-20T21:43:39.836", "user": 1, "content_type": 7, "object_id": "37", "object_repr": "<Blog: \u7ebf\u6027\u56de\u5f52\u6570\u503c\u578b\u9884\u6d4b\u5b9e\u9a8c\u62a5\u544a>", "action_flag": 3, "change_message": ""}}, {"model": "admin.logentry", "pk": 26, "fields": {"action_time": "2018-11-20T23:08:57.809", "user": 1, "content_type": 11, "object_id": "1", "object_repr": "ReadDetail object (1)", "action_flag": 1, "change_message": "[{\"added\": {}}]"}}, {"model": "admin.logentry", "pk": 27, "fields": {"action_time": "2018-11-23T14:11:51.655", "user": 1, "content_type": 12, "object_id": "1", "object_repr": "Comment object (1)", "action_flag": 1, "change_message": "[{\"added\": {}}]"}}, {"model": "admin.logentry", "pk": 28, "fields": {"action_time": "2018-11-25T20:23:18.180", "user": 1, "content_type": 12, "object_id": "34", "object_repr": "Comment object (34)", "action_flag": 2, "change_message": "[{\"changed\": {\"fields\": [\"parent_id\"]}}]"}}, {"model": "admin.logentry", "pk": 29, "fields": {"action_time": "2018-11-27T18:03:40.560", "user": 1, "content_type": 12, "object_id": "33", "object_repr": "<p>dasd</p>", "action_flag": 2, "change_message": "[{\"changed\": {\"fields\": [\"root\", \"parent\", \"reply_to\"]}}]"}}, {"model": "admin.logentry", "pk": 30, "fields": {"action_time": "2018-11-27T18:05:23.412", "user": 1, "content_type": 12, "object_id": "33", "object_repr": "<p>dasd</p>", "action_flag": 2, "change_message": "[{\"changed\": {\"fields\": [\"root\", \"parent\"]}}]"}}, {"model": "admin.logentry", "pk": 31, "fields": {"action_time": "2018-11-27T18:08:54.554", "user": 1, "content_type": 12, "object_id": "17", "object_repr": "666", "action_flag": 2, "change_message": "[{\"changed\": {\"fields\": [\"root\", \"parent\", \"reply_to\"]}}]"}}, {"model": "admin.logentry", "pk": 32, "fields": {"action_time": "2018-12-01T20:52:36.045", "user": 1, "content_type": 12, "object_id": "122", "object_repr": "<p>123</p>", "action_flag": 3, "change_message": ""}}, {"model": "admin.logentry", "pk": 33, "fields": {"action_time": "2018-12-10T18:31:11.553", "user": 1, "content_type": 15, "object_id": "1", "object_repr": "<Profile: \u6c5f\u5357 for jiangnanmax>", "action_flag": 1, "change_message": "[{\"added\": {}}]"}}, {"model": "admin.logentry", "pk": 34, "fields": {"action_time": "2019-05-20T19:28:04.183", "user": 1, "content_type": 4, "object_id": "4", "object_repr": "\u9648\u4fee\u5fd7\u5f1f\u5f1f", "action_flag": 2, "change_message": "[{\"changed\": {\"fields\": [\"email\", \"last_login\"]}}]"}}, {"model": "admin.logentry", "pk": 35, "fields": {"action_time": "2019-05-20T20:46:25.668", "user": 1, "content_type": 4, "object_id": "2", "object_repr": "jiangnan", "action_flag": 2, "change_message": "[{\"changed\": {\"fields\": [\"email\", \"last_login\"]}}]"}}, {"model": "admin.logentry", "pk": 36, "fields": {"action_time": "2019-05-20T21:03:46.520", "user": 1, "content_type": 4, "object_id": "4", "object_repr": "\u9648\u4fee\u5fd7\u5f1f\u5f1f", "action_flag": 2, "change_message": "[{\"changed\": {\"fields\": [\"email\", \"last_login\"]}}]"}}, {"model": "admin.logentry", "pk": 37, "fields": {"action_time": "2019-05-20T22:00:35.160", "user": 1, "content_type": 4, "object_id": "6", "object_repr": "lalala", "action_flag": 3, "change_message": ""}}]